,F-score,feature,type
0,0.992456262482657,Clump Thickness,Original
1,2.0784080573443307,Uniformity of Cell Size,Original
2,1.9161834830915643,Uniformity of Cell Shape,Original
3,0.8405709971080896,Marginal Adhesion,Original
4,0.8361896815995288,Single Epithelial Cell Size,Original
5,1.8534793342968627,Bare Nuclei,Original
6,1.4604366291375561,Bland Chromatin,Original
7,0.8574321779120675,Normal Nucleoli,Original
8,0.17876028808048602,Mitoses,Original
9,2.2512928457687265,Clump Thickness,CTGAN
10,1.5151515924319507,Uniformity of Cell Size,CTGAN
11,1.4055652594466117,Uniformity of Cell Shape,CTGAN
12,0.5765186013161272,Marginal Adhesion,CTGAN
13,0.8794692667319424,Single Epithelial Cell Size,CTGAN
14,3.4413112781333393,Bare Nuclei,CTGAN
15,0.6671062546894145,Bland Chromatin,CTGAN
16,0.8574630186753033,Normal Nucleoli,CTGAN
17,0.05598905716937206,Mitoses,CTGAN
18,1.130239008229054,Clump Thickness,Original
19,1.9006181014849823,Uniformity of Cell Size,Original
20,1.9056602839622891,Uniformity of Cell Shape,Original
21,0.8513566406946858,Marginal Adhesion,Original
22,0.8396151715778841,Single Epithelial Cell Size,Original
23,2.0107803102684763,Bare Nuclei,Original
24,1.1860808241549463,Bland Chromatin,Original
25,0.9422385961878738,Normal Nucleoli,Original
26,0.18405359997427367,Mitoses,Original
27,2.2365823238199263,Clump Thickness,CTGAN
28,1.453616888858171,Uniformity of Cell Size,CTGAN
29,1.211780831576798,Uniformity of Cell Shape,CTGAN
30,0.6155849123447013,Marginal Adhesion,CTGAN
31,0.929047300537761,Single Epithelial Cell Size,CTGAN
32,3.1606888776284117,Bare Nuclei,CTGAN
33,0.8310330700794474,Bland Chromatin,CTGAN
34,0.8776346097406452,Normal Nucleoli,CTGAN
35,0.051589858255983924,Mitoses,CTGAN
36,1.0640953799034032,Clump Thickness,Original
37,1.99847241254104,Uniformity of Cell Size,Original
38,2.0634224725901054,Uniformity of Cell Shape,Original
39,0.8603887911322903,Marginal Adhesion,Original
40,0.9100956560455821,Single Epithelial Cell Size,Original
41,2.0030490138665042,Bare Nuclei,Original
42,1.3600823007051532,Bland Chromatin,Original
43,0.9750738588620096,Normal Nucleoli,Original
44,0.1744359206950663,Mitoses,Original
45,2.4589753101924074,Clump Thickness,CTGAN
46,1.4848754468745553,Uniformity of Cell Size,CTGAN
47,1.2897498321658851,Uniformity of Cell Shape,CTGAN
48,0.5590928191729838,Marginal Adhesion,CTGAN
49,0.8690789075912221,Single Epithelial Cell Size,CTGAN
50,3.797836089338901,Bare Nuclei,CTGAN
51,0.7228116941272195,Bland Chromatin,CTGAN
52,0.8182509888469911,Normal Nucleoli,CTGAN
53,0.06087680004835353,Mitoses,CTGAN
54,1.1481119060296787,Clump Thickness,Original
55,1.9412915821702756,Uniformity of Cell Size,Original
56,1.8481082462455045,Uniformity of Cell Shape,Original
57,0.8685965407282167,Marginal Adhesion,Original
58,0.7837239028922267,Single Epithelial Cell Size,Original
59,1.8172144492687627,Bare Nuclei,Original
60,1.309516756412059,Bland Chromatin,Original
61,0.9380778342771267,Normal Nucleoli,Original
62,0.17255273818778133,Mitoses,Original
63,2.441550130326021,Clump Thickness,CTGAN
64,1.382665564164581,Uniformity of Cell Size,CTGAN
65,1.1596599239613619,Uniformity of Cell Shape,CTGAN
66,0.5331863149839928,Marginal Adhesion,CTGAN
67,0.8968873383391002,Single Epithelial Cell Size,CTGAN
68,3.3333778901777795,Bare Nuclei,CTGAN
69,0.6941903671249733,Bland Chromatin,CTGAN
70,0.7380926874540632,Normal Nucleoli,CTGAN
71,0.056057085089785894,Mitoses,CTGAN
72,1.1355538163324348,Clump Thickness,Original
73,2.043769768784384,Uniformity of Cell Size,Original
74,1.9345511348230198,Uniformity of Cell Shape,Original
75,0.9312689016426611,Marginal Adhesion,Original
76,0.9329781423816131,Single Epithelial Cell Size,Original
77,2.01050510194185,Bare Nuclei,Original
78,1.331694686928655,Bland Chromatin,Original
79,1.024388117926912,Normal Nucleoli,Original
80,0.22145381152606644,Mitoses,Original
81,2.4125860679720503,Clump Thickness,CTGAN
82,1.3182542647800888,Uniformity of Cell Size,CTGAN
83,1.2764818102183055,Uniformity of Cell Shape,CTGAN
84,0.5070071244978719,Marginal Adhesion,CTGAN
85,0.9018123218910932,Single Epithelial Cell Size,CTGAN
86,3.1898724820263324,Bare Nuclei,CTGAN
87,0.6289626780978267,Bland Chromatin,CTGAN
88,0.8028137442491051,Normal Nucleoli,CTGAN
89,0.056464354562358945,Mitoses,CTGAN
90,1.09840071130604,Clump Thickness,Original
91,1.8611669065537513,Uniformity of Cell Size,Original
92,1.9153260000450172,Uniformity of Cell Shape,Original
93,0.8068436548206513,Marginal Adhesion,Original
94,0.795522958880717,Single Epithelial Cell Size,Original
95,2.144639558010173,Bare Nuclei,Original
96,1.3207560853201292,Bland Chromatin,Original
97,0.8190747088442144,Normal Nucleoli,Original
98,0.17005519360596327,Mitoses,Original
99,2.3361762063971514,Clump Thickness,CTGAN
100,1.4547392193981483,Uniformity of Cell Size,CTGAN
101,1.1804288220316403,Uniformity of Cell Shape,CTGAN
102,0.5261472623853162,Marginal Adhesion,CTGAN
103,0.8986439513983221,Single Epithelial Cell Size,CTGAN
104,3.6507602615756793,Bare Nuclei,CTGAN
105,0.6056368604642972,Bland Chromatin,CTGAN
106,0.8485627460658615,Normal Nucleoli,CTGAN
107,0.05780717634461276,Mitoses,CTGAN
108,1.154931325022255,Clump Thickness,Original
109,1.9401341387118922,Uniformity of Cell Size,Original
110,1.9786279802956954,Uniformity of Cell Shape,Original
111,0.9231430243054727,Marginal Adhesion,Original
112,0.8594748565974374,Single Epithelial Cell Size,Original
113,2.072233653565386,Bare Nuclei,Original
114,1.5343899470125448,Bland Chromatin,Original
115,1.007164263230203,Normal Nucleoli,Original
116,0.17696166539082211,Mitoses,Original
117,2.204966179010551,Clump Thickness,CTGAN
118,1.369711352440551,Uniformity of Cell Size,CTGAN
119,1.25204808541012,Uniformity of Cell Shape,CTGAN
120,0.5309597935627859,Marginal Adhesion,CTGAN
121,0.8864488169428929,Single Epithelial Cell Size,CTGAN
122,3.823421223038224,Bare Nuclei,CTGAN
123,0.652101686892595,Bland Chromatin,CTGAN
124,0.8362213883112486,Normal Nucleoli,CTGAN
125,0.06366052727732863,Mitoses,CTGAN
126,1.219154396085224,Clump Thickness,Original
127,1.9247723260007812,Uniformity of Cell Size,Original
128,1.8747524061320833,Uniformity of Cell Shape,Original
129,0.8975322167797098,Marginal Adhesion,Original
130,0.85205721736522,Single Epithelial Cell Size,Original
131,1.8424273580420363,Bare Nuclei,Original
132,1.3435485476935216,Bland Chromatin,Original
133,0.9502056656995715,Normal Nucleoli,Original
134,0.17732653901707152,Mitoses,Original
135,2.6441041569443797,Clump Thickness,CTGAN
136,1.4192454855548136,Uniformity of Cell Size,CTGAN
137,1.3046306962158416,Uniformity of Cell Shape,CTGAN
138,0.5953450744590392,Marginal Adhesion,CTGAN
139,0.9020753559450215,Single Epithelial Cell Size,CTGAN
140,3.5463514137545427,Bare Nuclei,CTGAN
141,0.715053015996441,Bland Chromatin,CTGAN
142,0.8748631163238327,Normal Nucleoli,CTGAN
143,0.059936746504772605,Mitoses,CTGAN
144,1.0402505590038322,Clump Thickness,Original
145,1.716687050878031,Uniformity of Cell Size,Original
146,1.839511927065627,Uniformity of Cell Shape,Original
147,0.7745229829410232,Marginal Adhesion,Original
148,0.7655415078440287,Single Epithelial Cell Size,Original
149,1.9292146518882989,Bare Nuclei,Original
150,1.1449562451950097,Bland Chromatin,Original
151,0.8420095962587,Normal Nucleoli,Original
152,0.16902773061595483,Mitoses,Original
153,2.440990970285898,Clump Thickness,CTGAN
154,1.3980092491067904,Uniformity of Cell Size,CTGAN
155,1.2422121953966667,Uniformity of Cell Shape,CTGAN
156,0.6203962423356157,Marginal Adhesion,CTGAN
157,0.9101593699365317,Single Epithelial Cell Size,CTGAN
158,3.6677386825757914,Bare Nuclei,CTGAN
159,0.6549318247698157,Bland Chromatin,CTGAN
160,0.7623801371837622,Normal Nucleoli,CTGAN
161,0.05393752430510209,Mitoses,CTGAN
162,1.1003999624353902,Clump Thickness,Original
163,1.8760146309831227,Uniformity of Cell Size,Original
164,1.8700256656227565,Uniformity of Cell Shape,Original
165,0.8783440467159237,Marginal Adhesion,Original
166,0.8390587813613459,Single Epithelial Cell Size,Original
167,2.1118215699274527,Bare Nuclei,Original
168,1.1644907816154464,Bland Chromatin,Original
169,0.9005067020890342,Normal Nucleoli,Original
170,0.18345319503844973,Mitoses,Original
171,2.5892594029813885,Clump Thickness,CTGAN
172,1.3702362523967497,Uniformity of Cell Size,CTGAN
173,1.148240276129528,Uniformity of Cell Shape,CTGAN
174,0.5545030737065088,Marginal Adhesion,CTGAN
175,0.8957145918830243,Single Epithelial Cell Size,CTGAN
176,3.5327706745388654,Bare Nuclei,CTGAN
177,0.7805641166368894,Bland Chromatin,CTGAN
178,0.7953154534925192,Normal Nucleoli,CTGAN
179,0.05204033510965093,Mitoses,CTGAN
180,1.0461585839814302,Clump Thickness,Original
181,1.949391990688344,Uniformity of Cell Size,Original
182,1.9928887105964777,Uniformity of Cell Shape,Original
183,0.8153886305296991,Marginal Adhesion,Original
184,0.8523663929411667,Single Epithelial Cell Size,Original
185,1.652390299496368,Bare Nuclei,Original
186,1.1982704485736209,Bland Chromatin,Original
187,0.9275415057009813,Normal Nucleoli,Original
188,0.21064223081410735,Mitoses,Original
189,2.7750381349779056,Clump Thickness,CTGAN
190,1.2750211028142533,Uniformity of Cell Size,CTGAN
191,1.301543053821803,Uniformity of Cell Shape,CTGAN
192,0.5809414683040021,Marginal Adhesion,CTGAN
193,0.9074241236865334,Single Epithelial Cell Size,CTGAN
194,3.8540326326412604,Bare Nuclei,CTGAN
195,0.6361724661239884,Bland Chromatin,CTGAN
196,0.8326622736726598,Normal Nucleoli,CTGAN
197,0.06759259479496964,Mitoses,CTGAN
198,0.9916888946687222,Clump Thickness,Original
199,1.7818878606617383,Uniformity of Cell Size,Original
200,1.9204353903698526,Uniformity of Cell Shape,Original
201,0.8331775198616646,Marginal Adhesion,Original
202,0.9164792342075209,Single Epithelial Cell Size,Original
203,2.0055379990225726,Bare Nuclei,Original
204,1.3428908727032378,Bland Chromatin,Original
205,1.029336072920116,Normal Nucleoli,Original
206,0.18957786812896193,Mitoses,Original
207,2.5432791190499198,Clump Thickness,CTGAN
208,1.3664804471300347,Uniformity of Cell Size,CTGAN
209,1.0986392737972037,Uniformity of Cell Shape,CTGAN
210,0.5171449733060388,Marginal Adhesion,CTGAN
211,1.027464933400647,Single Epithelial Cell Size,CTGAN
212,4.103171661459545,Bare Nuclei,CTGAN
213,0.683912079487387,Bland Chromatin,CTGAN
214,0.8531872705764906,Normal Nucleoli,CTGAN
215,0.06229360435337545,Mitoses,CTGAN
216,1.0409680735036368,Clump Thickness,Original
217,1.8467051728560595,Uniformity of Cell Size,Original
218,1.8987186812334693,Uniformity of Cell Shape,Original
219,1.01132507769534,Marginal Adhesion,Original
220,0.954660187756635,Single Epithelial Cell Size,Original
221,2.0608444861530897,Bare Nuclei,Original
222,1.2545486614994568,Bland Chromatin,Original
223,0.9454708353656696,Normal Nucleoli,Original
224,0.20966615405605227,Mitoses,Original
225,2.613480093207802,Clump Thickness,CTGAN
226,1.444322380919226,Uniformity of Cell Size,CTGAN
227,1.3067606100769231,Uniformity of Cell Shape,CTGAN
228,0.4980142995516343,Marginal Adhesion,CTGAN
229,0.906283756302506,Single Epithelial Cell Size,CTGAN
230,3.5420098636413146,Bare Nuclei,CTGAN
231,0.7283359810403003,Bland Chromatin,CTGAN
232,0.8536891872340742,Normal Nucleoli,CTGAN
233,0.06826047121955114,Mitoses,CTGAN
234,1.0433367210512006,Clump Thickness,Original
235,1.9066166351975424,Uniformity of Cell Size,Original
236,2.0820820206372512,Uniformity of Cell Shape,Original
237,0.9089393449700632,Marginal Adhesion,Original
238,0.8152385014551516,Single Epithelial Cell Size,Original
239,2.0528312533212394,Bare Nuclei,Original
240,1.127003715688819,Bland Chromatin,Original
241,0.8742880441279905,Normal Nucleoli,Original
242,0.18316110520267886,Mitoses,Original
243,2.6280314609675353,Clump Thickness,CTGAN
244,1.5533555352782644,Uniformity of Cell Size,CTGAN
245,1.176883425983102,Uniformity of Cell Shape,CTGAN
246,0.5992920316397045,Marginal Adhesion,CTGAN
247,0.9158189344184986,Single Epithelial Cell Size,CTGAN
248,4.090529489389998,Bare Nuclei,CTGAN
249,0.7707184046654737,Bland Chromatin,CTGAN
250,0.8634111416140717,Normal Nucleoli,CTGAN
251,0.05038109451286433,Mitoses,CTGAN
252,1.0942785886858706,Clump Thickness,Original
253,2.006347987570545,Uniformity of Cell Size,Original
254,1.942235501332675,Uniformity of Cell Shape,Original
255,0.9699104243463235,Marginal Adhesion,Original
256,0.8155878912385195,Single Epithelial Cell Size,Original
257,2.2213749515433356,Bare Nuclei,Original
258,1.3595326533056595,Bland Chromatin,Original
259,0.8119288717773239,Normal Nucleoli,Original
260,0.228822741882058,Mitoses,Original
261,2.7195674685551534,Clump Thickness,CTGAN
262,1.5412661982376978,Uniformity of Cell Size,CTGAN
263,1.239393453929569,Uniformity of Cell Shape,CTGAN
264,0.5732455335970343,Marginal Adhesion,CTGAN
265,0.8877382974302721,Single Epithelial Cell Size,CTGAN
266,3.4757120923926186,Bare Nuclei,CTGAN
267,0.678985619524538,Bland Chromatin,CTGAN
268,0.8836848439708638,Normal Nucleoli,CTGAN
269,0.04208971225420843,Mitoses,CTGAN
270,1.0190039825955368,Clump Thickness,Original
271,1.8531058454279101,Uniformity of Cell Size,Original
272,2.0123966123866293,Uniformity of Cell Shape,Original
273,1.0587978425754652,Marginal Adhesion,Original
274,0.8313503638502716,Single Epithelial Cell Size,Original
275,2.2461918234568183,Bare Nuclei,Original
276,1.3134267111624756,Bland Chromatin,Original
277,0.8707716228496598,Normal Nucleoli,Original
278,0.1704208079047629,Mitoses,Original
279,2.7538791649027026,Clump Thickness,CTGAN
280,1.2989295804882905,Uniformity of Cell Size,CTGAN
281,1.159970582421166,Uniformity of Cell Shape,CTGAN
282,0.5806969638062863,Marginal Adhesion,CTGAN
283,0.8165910536548249,Single Epithelial Cell Size,CTGAN
284,4.046639962477855,Bare Nuclei,CTGAN
285,0.6468551179440309,Bland Chromatin,CTGAN
286,0.8764427189022164,Normal Nucleoli,CTGAN
287,0.051247559146535906,Mitoses,CTGAN
288,1.2349302205721997,Clump Thickness,Original
289,1.8005610653879494,Uniformity of Cell Size,Original
290,1.888978183545942,Uniformity of Cell Shape,Original
291,0.9190274419764485,Marginal Adhesion,Original
292,0.8897088016612638,Single Epithelial Cell Size,Original
293,1.829510076617586,Bare Nuclei,Original
294,1.4081526599877179,Bland Chromatin,Original
295,1.0483328096024078,Normal Nucleoli,Original
296,0.191044301177402,Mitoses,Original
297,2.4939818818656097,Clump Thickness,CTGAN
298,1.5772890910066928,Uniformity of Cell Size,CTGAN
299,1.2303426606998373,Uniformity of Cell Shape,CTGAN
300,0.6199637478850312,Marginal Adhesion,CTGAN
301,0.8895498323744092,Single Epithelial Cell Size,CTGAN
302,4.260083775465003,Bare Nuclei,CTGAN
303,0.7952963797261616,Bland Chromatin,CTGAN
304,0.8946854531900639,Normal Nucleoli,CTGAN
305,0.0604114407177395,Mitoses,CTGAN
306,1.1959647145552499,Clump Thickness,Original
307,2.053110841547364,Uniformity of Cell Size,Original
308,1.9830636747543469,Uniformity of Cell Shape,Original
309,0.98490193482303,Marginal Adhesion,Original
310,0.8521763328843076,Single Epithelial Cell Size,Original
311,1.862387577604283,Bare Nuclei,Original
312,1.626830637108714,Bland Chromatin,Original
313,1.0487231860253599,Normal Nucleoli,Original
314,0.2117481534532472,Mitoses,Original
315,2.4510385964760038,Clump Thickness,CTGAN
316,1.3810325578658083,Uniformity of Cell Size,CTGAN
317,1.1387122909974032,Uniformity of Cell Shape,CTGAN
318,0.5719093209969367,Marginal Adhesion,CTGAN
319,0.8347249109135536,Single Epithelial Cell Size,CTGAN
320,4.186452422448069,Bare Nuclei,CTGAN
321,0.6387162251341334,Bland Chromatin,CTGAN
322,0.7284838390433379,Normal Nucleoli,CTGAN
323,0.054652061636055904,Mitoses,CTGAN
324,1.057878657489222,Clump Thickness,Original
325,1.8914045779463318,Uniformity of Cell Size,Original
326,1.9110638301220877,Uniformity of Cell Shape,Original
327,0.9269403041865838,Marginal Adhesion,Original
328,0.8294945431180238,Single Epithelial Cell Size,Original
329,1.9585249126176232,Bare Nuclei,Original
330,1.194535012062255,Bland Chromatin,Original
331,0.8915196097077065,Normal Nucleoli,Original
332,0.17084185464524818,Mitoses,Original
333,2.177071054672232,Clump Thickness,CTGAN
334,1.4770443394893307,Uniformity of Cell Size,CTGAN
335,1.245982311116487,Uniformity of Cell Shape,CTGAN
336,0.5401257437946255,Marginal Adhesion,CTGAN
337,0.8819220378106165,Single Epithelial Cell Size,CTGAN
338,3.0888739516738757,Bare Nuclei,CTGAN
339,0.719796119549649,Bland Chromatin,CTGAN
340,0.822328508447346,Normal Nucleoli,CTGAN
341,0.05463572978985504,Mitoses,CTGAN
342,1.0227511244880385,Clump Thickness,Original
343,2.142616542135454,Uniformity of Cell Size,Original
344,2.1124698638237542,Uniformity of Cell Shape,Original
345,1.0604321390155487,Marginal Adhesion,Original
346,0.9339536695771739,Single Epithelial Cell Size,Original
347,2.0615575340067545,Bare Nuclei,Original
348,1.1865130033007039,Bland Chromatin,Original
349,0.9622168995350521,Normal Nucleoli,Original
350,0.18831942523112025,Mitoses,Original
351,2.7158210914572756,Clump Thickness,CTGAN
352,1.489295948206152,Uniformity of Cell Size,CTGAN
353,1.1585476453607428,Uniformity of Cell Shape,CTGAN
354,0.5345415279067013,Marginal Adhesion,CTGAN
355,0.8713941259458339,Single Epithelial Cell Size,CTGAN
356,4.483803427059259,Bare Nuclei,CTGAN
357,0.7553773314588734,Bland Chromatin,CTGAN
358,0.8387641274024236,Normal Nucleoli,CTGAN
359,0.05279336465277413,Mitoses,CTGAN
360,0.988584619847561,Clump Thickness,Original
361,1.722956318561291,Uniformity of Cell Size,Original
362,1.85634789301183,Uniformity of Cell Shape,Original
363,0.7998683628965166,Marginal Adhesion,Original
364,0.7588339548700844,Single Epithelial Cell Size,Original
365,1.9131718560563653,Bare Nuclei,Original
366,1.170388433038423,Bland Chromatin,Original
367,0.8378202392011996,Normal Nucleoli,Original
368,0.18072812534757904,Mitoses,Original
369,2.5869511232971116,Clump Thickness,CTGAN
370,1.4289352376969497,Uniformity of Cell Size,CTGAN
371,1.2830981743963141,Uniformity of Cell Shape,CTGAN
372,0.5868480231366062,Marginal Adhesion,CTGAN
373,0.9186541864778774,Single Epithelial Cell Size,CTGAN
374,3.692556198711889,Bare Nuclei,CTGAN
375,0.7143828918761876,Bland Chromatin,CTGAN
376,0.8404332745984276,Normal Nucleoli,CTGAN
377,0.06086142775575778,Mitoses,CTGAN
378,1.0230366059521132,Clump Thickness,Original
379,2.0081907117865327,Uniformity of Cell Size,Original
380,2.1093241867984265,Uniformity of Cell Shape,Original
381,0.839327858841863,Marginal Adhesion,Original
382,0.959869293789683,Single Epithelial Cell Size,Original
383,2.1842291791229944,Bare Nuclei,Original
384,1.347821483978636,Bland Chromatin,Original
385,1.0381306063280369,Normal Nucleoli,Original
386,0.1842482908887287,Mitoses,Original
387,2.521800866833848,Clump Thickness,CTGAN
388,1.4225602529438053,Uniformity of Cell Size,CTGAN
389,1.2535132039870371,Uniformity of Cell Shape,CTGAN
390,0.5536513318611884,Marginal Adhesion,CTGAN
391,1.018438651433318,Single Epithelial Cell Size,CTGAN
392,4.528825268531447,Bare Nuclei,CTGAN
393,0.6657659564477694,Bland Chromatin,CTGAN
394,0.8725514444188406,Normal Nucleoli,CTGAN
395,0.04600441633826254,Mitoses,CTGAN
396,1.0552925148843821,Clump Thickness,Original
397,1.670550936835778,Uniformity of Cell Size,Original
398,1.7640156449999438,Uniformity of Cell Shape,Original
399,0.824639914665995,Marginal Adhesion,Original
400,0.7334316954468906,Single Epithelial Cell Size,Original
401,2.093378153595188,Bare Nuclei,Original
402,1.2198018029952917,Bland Chromatin,Original
403,0.8655590029891934,Normal Nucleoli,Original
404,0.188529149505111,Mitoses,Original
405,2.362635705493301,Clump Thickness,CTGAN
406,1.3466700272989174,Uniformity of Cell Size,CTGAN
407,1.28004123667156,Uniformity of Cell Shape,CTGAN
408,0.5535623319431044,Marginal Adhesion,CTGAN
409,0.8581766774118397,Single Epithelial Cell Size,CTGAN
410,3.404676240998948,Bare Nuclei,CTGAN
411,0.6809973979210254,Bland Chromatin,CTGAN
412,0.8206781079662795,Normal Nucleoli,CTGAN
413,0.06028001602306613,Mitoses,CTGAN
414,1.0812664389307367,Clump Thickness,Original
415,1.9685373626841076,Uniformity of Cell Size,Original
416,2.0733071963174257,Uniformity of Cell Shape,Original
417,0.9714426249830828,Marginal Adhesion,Original
418,0.9114549122036997,Single Epithelial Cell Size,Original
419,1.9856598796015594,Bare Nuclei,Original
420,1.333337140132302,Bland Chromatin,Original
421,0.9851874492028915,Normal Nucleoli,Original
422,0.19361270985174125,Mitoses,Original
423,2.484078952211897,Clump Thickness,CTGAN
424,1.2782506260425976,Uniformity of Cell Size,CTGAN
425,1.2029811374518535,Uniformity of Cell Shape,CTGAN
426,0.5316908758521134,Marginal Adhesion,CTGAN
427,0.8889468866997392,Single Epithelial Cell Size,CTGAN
428,3.2549685114966267,Bare Nuclei,CTGAN
429,0.6553854258777245,Bland Chromatin,CTGAN
430,0.726251021624372,Normal Nucleoli,CTGAN
431,0.04910979721491849,Mitoses,CTGAN
432,1.299099866015387,Clump Thickness,Original
433,1.7631699454157443,Uniformity of Cell Size,Original
434,1.949128770179767,Uniformity of Cell Shape,Original
435,0.8561825895544902,Marginal Adhesion,Original
436,0.7865152391628473,Single Epithelial Cell Size,Original
437,1.9759911441278737,Bare Nuclei,Original
438,1.3045781516844164,Bland Chromatin,Original
439,0.9178414774094359,Normal Nucleoli,Original
440,0.17658580852919967,Mitoses,Original
441,2.690733751259857,Clump Thickness,CTGAN
442,1.4600340008490682,Uniformity of Cell Size,CTGAN
443,1.3161023081597696,Uniformity of Cell Shape,CTGAN
444,0.5801987076734982,Marginal Adhesion,CTGAN
445,0.8311294774214362,Single Epithelial Cell Size,CTGAN
446,3.510257951076446,Bare Nuclei,CTGAN
447,0.7825941809268844,Bland Chromatin,CTGAN
448,0.8719690958946233,Normal Nucleoli,CTGAN
449,0.06557435058591136,Mitoses,CTGAN
450,0.9805227293819044,Clump Thickness,Original
451,1.777665275924532,Uniformity of Cell Size,Original
452,1.7957880845894916,Uniformity of Cell Shape,Original
453,0.7784563487988087,Marginal Adhesion,Original
454,0.8488139079939392,Single Epithelial Cell Size,Original
455,2.0064910299012495,Bare Nuclei,Original
456,1.3296903059484533,Bland Chromatin,Original
457,0.9173140630812805,Normal Nucleoli,Original
458,0.19593005660176327,Mitoses,Original
459,2.345208514023582,Clump Thickness,CTGAN
460,1.4404587565369773,Uniformity of Cell Size,CTGAN
461,1.2605829601268905,Uniformity of Cell Shape,CTGAN
462,0.5938346152774276,Marginal Adhesion,CTGAN
463,0.8881459080033209,Single Epithelial Cell Size,CTGAN
464,3.4499606703724357,Bare Nuclei,CTGAN
465,0.6292073914402398,Bland Chromatin,CTGAN
466,0.8666001543155205,Normal Nucleoli,CTGAN
467,0.05514798216747749,Mitoses,CTGAN
468,1.204579990362638,Clump Thickness,Original
469,1.9043277899746638,Uniformity of Cell Size,Original
470,1.9132563812077379,Uniformity of Cell Shape,Original
471,0.8759336033229502,Marginal Adhesion,Original
472,0.8559026941262211,Single Epithelial Cell Size,Original
473,1.9456439725946229,Bare Nuclei,Original
474,1.2524894060778977,Bland Chromatin,Original
475,0.9319821176146497,Normal Nucleoli,Original
476,0.2111384426517135,Mitoses,Original
477,2.4472499484056662,Clump Thickness,CTGAN
478,1.4841392394923756,Uniformity of Cell Size,CTGAN
479,1.2582885792906604,Uniformity of Cell Shape,CTGAN
480,0.5595217516290576,Marginal Adhesion,CTGAN
481,0.8620848295678225,Single Epithelial Cell Size,CTGAN
482,4.003363822958616,Bare Nuclei,CTGAN
483,0.6778743193661186,Bland Chromatin,CTGAN
484,0.9040468751199948,Normal Nucleoli,CTGAN
485,0.05753504169342479,Mitoses,CTGAN
486,1.201917749227911,Clump Thickness,Original
487,1.9316755062411142,Uniformity of Cell Size,Original
488,1.9925757752558118,Uniformity of Cell Shape,Original
489,0.992771040523497,Marginal Adhesion,Original
490,0.8583638568612969,Single Epithelial Cell Size,Original
491,1.9741430927737162,Bare Nuclei,Original
492,1.2635036916198947,Bland Chromatin,Original
493,0.9640804033789101,Normal Nucleoli,Original
494,0.19326681925205624,Mitoses,Original
495,2.580221905025504,Clump Thickness,CTGAN
496,1.4648599695771445,Uniformity of Cell Size,CTGAN
497,1.2498242371372872,Uniformity of Cell Shape,CTGAN
498,0.5706700798995816,Marginal Adhesion,CTGAN
499,0.956536063325399,Single Epithelial Cell Size,CTGAN
500,3.715048682543531,Bare Nuclei,CTGAN
501,0.7127437213393913,Bland Chromatin,CTGAN
502,0.9307669811005345,Normal Nucleoli,CTGAN
503,0.056848568035859054,Mitoses,CTGAN
504,1.2273210080220096,Clump Thickness,Original
505,1.8329745995703879,Uniformity of Cell Size,Original
506,2.0531661890270296,Uniformity of Cell Shape,Original
507,0.787616817498629,Marginal Adhesion,Original
508,0.7589863936735659,Single Epithelial Cell Size,Original
509,2.132841083395279,Bare Nuclei,Original
510,1.341594582863846,Bland Chromatin,Original
511,0.965414451400706,Normal Nucleoli,Original
512,0.17730139633110462,Mitoses,Original
513,2.3514659738149213,Clump Thickness,CTGAN
514,1.50260694165558,Uniformity of Cell Size,CTGAN
515,1.2832586196472193,Uniformity of Cell Shape,CTGAN
516,0.5691109159631929,Marginal Adhesion,CTGAN
517,0.8535632400768353,Single Epithelial Cell Size,CTGAN
518,3.1529921403070187,Bare Nuclei,CTGAN
519,0.6796259184202006,Bland Chromatin,CTGAN
520,0.8605410113844848,Normal Nucleoli,CTGAN
521,0.06120088207191433,Mitoses,CTGAN
522,1.0354613541230624,Clump Thickness,Original
523,2.1178317104701554,Uniformity of Cell Size,Original
524,2.1106274724568124,Uniformity of Cell Shape,Original
525,0.94741228458055,Marginal Adhesion,Original
526,0.8701351019510003,Single Epithelial Cell Size,Original
527,1.784569262046791,Bare Nuclei,Original
528,1.318477658248715,Bland Chromatin,Original
529,1.0234512447383983,Normal Nucleoli,Original
530,0.19265972105599719,Mitoses,Original
531,2.66247131585677,Clump Thickness,CTGAN
532,1.483017763421983,Uniformity of Cell Size,CTGAN
533,1.2781350087327505,Uniformity of Cell Shape,CTGAN
534,0.5527485596852977,Marginal Adhesion,CTGAN
535,0.8104724306310148,Single Epithelial Cell Size,CTGAN
536,3.4086192378562483,Bare Nuclei,CTGAN
537,0.7072746150710448,Bland Chromatin,CTGAN
538,0.8563440342001806,Normal Nucleoli,CTGAN
539,0.049411524074401816,Mitoses,CTGAN
540,1.0640821134044098,Clump Thickness,Original
541,1.7380570484004327,Uniformity of Cell Size,Original
542,1.9466452381995882,Uniformity of Cell Shape,Original
543,0.946303787670187,Marginal Adhesion,Original
544,0.8257622363179515,Single Epithelial Cell Size,Original
545,1.9727667243744518,Bare Nuclei,Original
546,1.2452660064959182,Bland Chromatin,Original
547,0.9847135061759278,Normal Nucleoli,Original
548,0.19785204061574366,Mitoses,Original
549,2.5315008457713892,Clump Thickness,CTGAN
550,1.3825418272927614,Uniformity of Cell Size,CTGAN
551,1.2305439168565666,Uniformity of Cell Shape,CTGAN
552,0.5293924881058419,Marginal Adhesion,CTGAN
553,0.9891562646752027,Single Epithelial Cell Size,CTGAN
554,3.673990263800529,Bare Nuclei,CTGAN
555,0.758102818256911,Bland Chromatin,CTGAN
556,0.8759883651259934,Normal Nucleoli,CTGAN
557,0.06532230652134641,Mitoses,CTGAN
558,1.1395704829840072,Clump Thickness,Original
559,2.0308816107099394,Uniformity of Cell Size,Original
560,2.060675065051852,Uniformity of Cell Shape,Original
561,0.9355130230830712,Marginal Adhesion,Original
562,0.8893388733396802,Single Epithelial Cell Size,Original
563,2.1533901095844326,Bare Nuclei,Original
564,1.3550863884302793,Bland Chromatin,Original
565,1.0168739763612906,Normal Nucleoli,Original
566,0.15731567318387474,Mitoses,Original
567,2.700345838835822,Clump Thickness,CTGAN
568,1.4084158746471822,Uniformity of Cell Size,CTGAN
569,1.2766997132420994,Uniformity of Cell Shape,CTGAN
570,0.5184760786335453,Marginal Adhesion,CTGAN
571,0.9943929118293113,Single Epithelial Cell Size,CTGAN
572,3.597876838657471,Bare Nuclei,CTGAN
573,0.7188299057601448,Bland Chromatin,CTGAN
574,0.7756911334398664,Normal Nucleoli,CTGAN
575,0.049935987268194204,Mitoses,CTGAN
576,1.208563230618581,Clump Thickness,Original
577,1.8766467585317725,Uniformity of Cell Size,Original
578,1.872353717868249,Uniformity of Cell Shape,Original
579,0.9104654079995346,Marginal Adhesion,Original
580,0.8122657019275087,Single Epithelial Cell Size,Original
581,1.6891723777703604,Bare Nuclei,Original
582,1.224405883616571,Bland Chromatin,Original
583,0.9733566383139665,Normal Nucleoli,Original
584,0.1903090302488336,Mitoses,Original
585,2.4677437318381195,Clump Thickness,CTGAN
586,1.4649447563391464,Uniformity of Cell Size,CTGAN
587,1.20639034849647,Uniformity of Cell Shape,CTGAN
588,0.5567012313417632,Marginal Adhesion,CTGAN
589,0.870510863622723,Single Epithelial Cell Size,CTGAN
590,3.5582704047981766,Bare Nuclei,CTGAN
591,0.7386864406124981,Bland Chromatin,CTGAN
592,0.8358305892107061,Normal Nucleoli,CTGAN
593,0.06338943307300714,Mitoses,CTGAN
594,1.1960150267006187,Clump Thickness,Original
595,1.8082502117681585,Uniformity of Cell Size,Original
596,1.9575940895163533,Uniformity of Cell Shape,Original
597,0.8304969422680339,Marginal Adhesion,Original
598,0.7894879662675653,Single Epithelial Cell Size,Original
599,1.7453148468701922,Bare Nuclei,Original
600,1.2045803383352744,Bland Chromatin,Original
601,0.8804581083190128,Normal Nucleoli,Original
602,0.20654453506682238,Mitoses,Original
603,2.4366933607269696,Clump Thickness,CTGAN
604,1.2000532288517876,Uniformity of Cell Size,CTGAN
605,1.2128128944848677,Uniformity of Cell Shape,CTGAN
606,0.5507806567985796,Marginal Adhesion,CTGAN
607,0.8313559333227606,Single Epithelial Cell Size,CTGAN
608,3.2257701013659674,Bare Nuclei,CTGAN
609,0.5999425604016457,Bland Chromatin,CTGAN
610,0.8714160762330934,Normal Nucleoli,CTGAN
611,0.047091015677650436,Mitoses,CTGAN
612,1.131469282507357,Clump Thickness,Original
613,1.8680332163261295,Uniformity of Cell Size,Original
614,1.850151965841284,Uniformity of Cell Shape,Original
615,0.8729451885318974,Marginal Adhesion,Original
616,0.8464186925444906,Single Epithelial Cell Size,Original
617,2.0986278847954223,Bare Nuclei,Original
618,1.3243955353937176,Bland Chromatin,Original
619,0.8923534589022558,Normal Nucleoli,Original
620,0.18215615084503647,Mitoses,Original
621,2.618753756334273,Clump Thickness,CTGAN
622,1.3216113488460917,Uniformity of Cell Size,CTGAN
623,1.2013180133161756,Uniformity of Cell Shape,CTGAN
624,0.5773149820627145,Marginal Adhesion,CTGAN
625,0.8601006840083648,Single Epithelial Cell Size,CTGAN
626,3.45919472249527,Bare Nuclei,CTGAN
627,0.6713797285345852,Bland Chromatin,CTGAN
628,0.8337892102109239,Normal Nucleoli,CTGAN
629,0.05238013112950718,Mitoses,CTGAN
630,1.0195899938059336,Clump Thickness,Original
631,1.745233315401162,Uniformity of Cell Size,Original
632,1.856927803500155,Uniformity of Cell Shape,Original
633,1.0189398891825032,Marginal Adhesion,Original
634,0.7537855977774204,Single Epithelial Cell Size,Original
635,2.053538805355553,Bare Nuclei,Original
636,1.4676706414402287,Bland Chromatin,Original
637,0.9900468738246709,Normal Nucleoli,Original
638,0.19217091635655012,Mitoses,Original
639,2.5122799437998924,Clump Thickness,CTGAN
640,1.304739517450955,Uniformity of Cell Size,CTGAN
641,1.2999410164463856,Uniformity of Cell Shape,CTGAN
642,0.5813283859991674,Marginal Adhesion,CTGAN
643,0.9279340370983515,Single Epithelial Cell Size,CTGAN
644,3.4266183558575762,Bare Nuclei,CTGAN
645,0.5775137142908069,Bland Chromatin,CTGAN
646,0.774121564581023,Normal Nucleoli,CTGAN
647,0.050754715922246105,Mitoses,CTGAN
648,1.0740590624525648,Clump Thickness,Original
649,1.9485020766836383,Uniformity of Cell Size,Original
650,1.9692969956499333,Uniformity of Cell Shape,Original
651,0.8590906440531335,Marginal Adhesion,Original
652,0.7949510070832367,Single Epithelial Cell Size,Original
653,2.0024016447079207,Bare Nuclei,Original
654,1.3635954394836693,Bland Chromatin,Original
655,0.9724505580967975,Normal Nucleoli,Original
656,0.17867638710587366,Mitoses,Original
657,2.615433793265714,Clump Thickness,CTGAN
658,1.3427068099655237,Uniformity of Cell Size,CTGAN
659,1.4096821929196859,Uniformity of Cell Shape,CTGAN
660,0.5679521165921605,Marginal Adhesion,CTGAN
661,0.9430613215686949,Single Epithelial Cell Size,CTGAN
662,3.713507668270819,Bare Nuclei,CTGAN
663,0.7366098125736912,Bland Chromatin,CTGAN
664,0.8692813425043961,Normal Nucleoli,CTGAN
665,0.04811447260983287,Mitoses,CTGAN
666,1.0795935567235606,Clump Thickness,Original
667,1.9345949648034815,Uniformity of Cell Size,Original
668,1.794931737566818,Uniformity of Cell Shape,Original
669,0.9156458165237213,Marginal Adhesion,Original
670,0.8580627412079059,Single Epithelial Cell Size,Original
671,1.818325577183131,Bare Nuclei,Original
672,1.4809814949429678,Bland Chromatin,Original
673,0.9300441815163826,Normal Nucleoli,Original
674,0.19954834882448702,Mitoses,Original
675,2.41322878992776,Clump Thickness,CTGAN
676,1.5377483384254689,Uniformity of Cell Size,CTGAN
677,1.3006598709345443,Uniformity of Cell Shape,CTGAN
678,0.5176671531759162,Marginal Adhesion,CTGAN
679,0.8841404634225895,Single Epithelial Cell Size,CTGAN
680,3.661167569883685,Bare Nuclei,CTGAN
681,0.7696550305926643,Bland Chromatin,CTGAN
682,0.8228208806829238,Normal Nucleoli,CTGAN
683,0.055985555833278654,Mitoses,CTGAN
684,1.1529891342505676,Clump Thickness,Original
685,1.7838875734821684,Uniformity of Cell Size,Original
686,1.8049496442320305,Uniformity of Cell Shape,Original
687,0.8895278389590202,Marginal Adhesion,Original
688,0.753477619266844,Single Epithelial Cell Size,Original
689,2.088350669760272,Bare Nuclei,Original
690,1.1674058129576985,Bland Chromatin,Original
691,0.9124772347799278,Normal Nucleoli,Original
692,0.1910785148900855,Mitoses,Original
693,2.7082860840990746,Clump Thickness,CTGAN
694,1.3169406563602541,Uniformity of Cell Size,CTGAN
695,1.199758604393976,Uniformity of Cell Shape,CTGAN
696,0.5234408181658764,Marginal Adhesion,CTGAN
697,0.8972096474429452,Single Epithelial Cell Size,CTGAN
698,3.278467635996447,Bare Nuclei,CTGAN
699,0.6607762156481094,Bland Chromatin,CTGAN
700,0.8523630516412248,Normal Nucleoli,CTGAN
701,0.06000678303607622,Mitoses,CTGAN
702,1.086089243366618,Clump Thickness,Original
703,1.8760131534616868,Uniformity of Cell Size,Original
704,1.9150604611433648,Uniformity of Cell Shape,Original
705,0.9266276030553878,Marginal Adhesion,Original
706,0.8879815906354862,Single Epithelial Cell Size,Original
707,1.9813092016277354,Bare Nuclei,Original
708,1.4501820753394594,Bland Chromatin,Original
709,0.9046590848777749,Normal Nucleoli,Original
710,0.20119907836475875,Mitoses,Original
711,2.4640767857777726,Clump Thickness,CTGAN
712,1.2447616109482822,Uniformity of Cell Size,CTGAN
713,1.156471803857203,Uniformity of Cell Shape,CTGAN
714,0.6455334758199063,Marginal Adhesion,CTGAN
715,0.8843268853647205,Single Epithelial Cell Size,CTGAN
716,3.3092654890067457,Bare Nuclei,CTGAN
717,0.617334114843336,Bland Chromatin,CTGAN
718,0.8474256044401914,Normal Nucleoli,CTGAN
719,0.07195988767284964,Mitoses,CTGAN
720,1.2757929060012614,Clump Thickness,Original
721,1.7924706823738308,Uniformity of Cell Size,Original
722,1.9280889996745012,Uniformity of Cell Shape,Original
723,0.7785707901907097,Marginal Adhesion,Original
724,0.8118543563876424,Single Epithelial Cell Size,Original
725,2.055116623726236,Bare Nuclei,Original
726,1.2155776826124156,Bland Chromatin,Original
727,0.9475736034428585,Normal Nucleoli,Original
728,0.20624418644702788,Mitoses,Original
729,2.349573230221938,Clump Thickness,CTGAN
730,1.4053085635829576,Uniformity of Cell Size,CTGAN
731,1.2412760542946533,Uniformity of Cell Shape,CTGAN
732,0.5257785687768457,Marginal Adhesion,CTGAN
733,0.934486441557655,Single Epithelial Cell Size,CTGAN
734,3.385365620848126,Bare Nuclei,CTGAN
735,0.7019890359375137,Bland Chromatin,CTGAN
736,0.8192775338919759,Normal Nucleoli,CTGAN
737,0.0668444359534265,Mitoses,CTGAN
738,1.0456964465551575,Clump Thickness,Original
739,1.7870390265180698,Uniformity of Cell Size,Original
740,1.8881914344009552,Uniformity of Cell Shape,Original
741,0.927388819789169,Marginal Adhesion,Original
742,0.8028550209862214,Single Epithelial Cell Size,Original
743,1.8876609795745534,Bare Nuclei,Original
744,1.2167366704754716,Bland Chromatin,Original
745,0.939860325223213,Normal Nucleoli,Original
746,0.18933387549021038,Mitoses,Original
747,2.613040013231185,Clump Thickness,CTGAN
748,1.4087282197623638,Uniformity of Cell Size,CTGAN
749,1.2154255086292636,Uniformity of Cell Shape,CTGAN
750,0.5695998855197942,Marginal Adhesion,CTGAN
751,0.8939437263563346,Single Epithelial Cell Size,CTGAN
752,3.613549614993329,Bare Nuclei,CTGAN
753,0.6763676135944464,Bland Chromatin,CTGAN
754,0.9214374559428852,Normal Nucleoli,CTGAN
755,0.06321338300621772,Mitoses,CTGAN
756,1.0471097110631016,Clump Thickness,Original
757,1.89785815067481,Uniformity of Cell Size,Original
758,2.0953953069301674,Uniformity of Cell Shape,Original
759,0.8731653907184466,Marginal Adhesion,Original
760,0.7509791567211271,Single Epithelial Cell Size,Original
761,2.399009298652564,Bare Nuclei,Original
762,1.1455361939611834,Bland Chromatin,Original
763,0.8569230540470387,Normal Nucleoli,Original
764,0.1929038679700024,Mitoses,Original
765,2.50146729777598,Clump Thickness,CTGAN
766,1.48406910755192,Uniformity of Cell Size,CTGAN
767,1.2503607599566282,Uniformity of Cell Shape,CTGAN
768,0.5671580791737709,Marginal Adhesion,CTGAN
769,0.8679524775748569,Single Epithelial Cell Size,CTGAN
770,3.47274603688164,Bare Nuclei,CTGAN
771,0.6677557313504267,Bland Chromatin,CTGAN
772,0.9538955794799853,Normal Nucleoli,CTGAN
773,0.06740001539026397,Mitoses,CTGAN
774,1.0132938966391192,Clump Thickness,Original
775,1.8056482367270512,Uniformity of Cell Size,Original
776,1.97018758251137,Uniformity of Cell Shape,Original
777,0.8076702775015275,Marginal Adhesion,Original
778,0.8168878918558441,Single Epithelial Cell Size,Original
779,1.9475311949192144,Bare Nuclei,Original
780,1.3207318892797086,Bland Chromatin,Original
781,1.043021696547954,Normal Nucleoli,Original
782,0.19254797303854057,Mitoses,Original
783,2.4349329898971694,Clump Thickness,CTGAN
784,1.3631286958183553,Uniformity of Cell Size,CTGAN
785,1.2959945494415723,Uniformity of Cell Shape,CTGAN
786,0.5692957627192416,Marginal Adhesion,CTGAN
787,0.9713927054885868,Single Epithelial Cell Size,CTGAN
788,3.61710884149075,Bare Nuclei,CTGAN
789,0.6884575274352424,Bland Chromatin,CTGAN
790,0.8278764856713575,Normal Nucleoli,CTGAN
791,0.06631676028734629,Mitoses,CTGAN
792,1.2069963011414035,Clump Thickness,Original
793,1.6143451829658384,Uniformity of Cell Size,Original
794,1.773542614237682,Uniformity of Cell Shape,Original
795,0.8804736336991801,Marginal Adhesion,Original
796,0.7593122807206905,Single Epithelial Cell Size,Original
797,1.9777685764520412,Bare Nuclei,Original
798,1.3950006195812785,Bland Chromatin,Original
799,1.0189572089006445,Normal Nucleoli,Original
800,0.20162581528356519,Mitoses,Original
801,2.4565171888187907,Clump Thickness,CTGAN
802,1.4940271217253587,Uniformity of Cell Size,CTGAN
803,1.2030014033278766,Uniformity of Cell Shape,CTGAN
804,0.6495033337892921,Marginal Adhesion,CTGAN
805,0.8839331513744172,Single Epithelial Cell Size,CTGAN
806,4.140428864462761,Bare Nuclei,CTGAN
807,0.6869818280922503,Bland Chromatin,CTGAN
808,0.7485702609723826,Normal Nucleoli,CTGAN
809,0.05168018168019276,Mitoses,CTGAN
810,1.1676385105879143,Clump Thickness,Original
811,1.9329934836088656,Uniformity of Cell Size,Original
812,2.092890738632903,Uniformity of Cell Shape,Original
813,0.8538427141380792,Marginal Adhesion,Original
814,0.8474647017671327,Single Epithelial Cell Size,Original
815,1.930456475527399,Bare Nuclei,Original
816,1.3132434932754953,Bland Chromatin,Original
817,1.0045905151201362,Normal Nucleoli,Original
818,0.19179688997992178,Mitoses,Original
819,2.4390395793173485,Clump Thickness,CTGAN
820,1.5677627288285347,Uniformity of Cell Size,CTGAN
821,1.268870131080034,Uniformity of Cell Shape,CTGAN
822,0.5488338662062665,Marginal Adhesion,CTGAN
823,0.9170608518993737,Single Epithelial Cell Size,CTGAN
824,4.126620688696764,Bare Nuclei,CTGAN
825,0.7099545806233976,Bland Chromatin,CTGAN
826,0.8088485727410472,Normal Nucleoli,CTGAN
827,0.054710521912293364,Mitoses,CTGAN
828,1.069144891748165,Clump Thickness,Original
829,1.7671952109571822,Uniformity of Cell Size,Original
830,1.7670420758289207,Uniformity of Cell Shape,Original
831,0.8961333287718138,Marginal Adhesion,Original
832,0.797851853756919,Single Epithelial Cell Size,Original
833,1.622469179503465,Bare Nuclei,Original
834,1.2160125464229576,Bland Chromatin,Original
835,0.8146633038799781,Normal Nucleoli,Original
836,0.17338161606576852,Mitoses,Original
837,2.78383564881479,Clump Thickness,CTGAN
838,1.5467388480660045,Uniformity of Cell Size,CTGAN
839,1.314538005603453,Uniformity of Cell Shape,CTGAN
840,0.6148592689252806,Marginal Adhesion,CTGAN
841,0.9544849803138953,Single Epithelial Cell Size,CTGAN
842,3.842295010483199,Bare Nuclei,CTGAN
843,0.7463247726221561,Bland Chromatin,CTGAN
844,0.9188112695742788,Normal Nucleoli,CTGAN
845,0.05738650541787459,Mitoses,CTGAN
846,1.1474236527963457,Clump Thickness,Original
847,1.7623164722566058,Uniformity of Cell Size,Original
848,1.8145773491732138,Uniformity of Cell Shape,Original
849,0.946690903257968,Marginal Adhesion,Original
850,0.8211230106771256,Single Epithelial Cell Size,Original
851,2.2197425439895397,Bare Nuclei,Original
852,1.336087463905341,Bland Chromatin,Original
853,0.912841608822347,Normal Nucleoli,Original
854,0.19678875194697523,Mitoses,Original
855,2.514318516136283,Clump Thickness,CTGAN
856,1.4078613382712521,Uniformity of Cell Size,CTGAN
857,1.3678560575094274,Uniformity of Cell Shape,CTGAN
858,0.611378297239186,Marginal Adhesion,CTGAN
859,0.9127997789373855,Single Epithelial Cell Size,CTGAN
860,3.5011972568620937,Bare Nuclei,CTGAN
861,0.7738394557843675,Bland Chromatin,CTGAN
862,0.8869238094902916,Normal Nucleoli,CTGAN
863,0.05612073373770643,Mitoses,CTGAN
864,1.1356838650654582,Clump Thickness,Original
865,1.9517443285463225,Uniformity of Cell Size,Original
866,2.010088603157211,Uniformity of Cell Shape,Original
867,0.9073822380297231,Marginal Adhesion,Original
868,0.9116785011177115,Single Epithelial Cell Size,Original
869,1.8319055529557473,Bare Nuclei,Original
870,1.4130856240878056,Bland Chromatin,Original
871,0.8895653470371739,Normal Nucleoli,Original
872,0.18647331523659977,Mitoses,Original
873,2.751619942840185,Clump Thickness,CTGAN
874,1.3719406567583705,Uniformity of Cell Size,CTGAN
875,1.2483080705732315,Uniformity of Cell Shape,CTGAN
876,0.5752020235389258,Marginal Adhesion,CTGAN
877,0.876127101651084,Single Epithelial Cell Size,CTGAN
878,3.4069272590609287,Bare Nuclei,CTGAN
879,0.6735161466165026,Bland Chromatin,CTGAN
880,0.7468444066589955,Normal Nucleoli,CTGAN
881,0.055477854625144096,Mitoses,CTGAN
882,1.0476757754317931,Clump Thickness,Original
883,2.0441007397586106,Uniformity of Cell Size,Original
884,1.9586792983153516,Uniformity of Cell Shape,Original
885,0.8012117744102658,Marginal Adhesion,Original
886,0.7523250477072566,Single Epithelial Cell Size,Original
887,2.0156971381373197,Bare Nuclei,Original
888,1.1826363385305372,Bland Chromatin,Original
889,0.8306635883402282,Normal Nucleoli,Original
890,0.1691382430129228,Mitoses,Original
891,2.3357448872709217,Clump Thickness,CTGAN
892,1.4853191362452642,Uniformity of Cell Size,CTGAN
893,1.2923935695891478,Uniformity of Cell Shape,CTGAN
894,0.5329119012242558,Marginal Adhesion,CTGAN
895,0.8712241120849874,Single Epithelial Cell Size,CTGAN
896,3.4016339887466662,Bare Nuclei,CTGAN
897,0.7197783253286001,Bland Chromatin,CTGAN
898,0.8237373886535642,Normal Nucleoli,CTGAN
899,0.046599029627490116,Mitoses,CTGAN
900,1.108217540944013,Clump Thickness,Original
901,1.83731842016586,Uniformity of Cell Size,Original
902,1.9284675855526743,Uniformity of Cell Shape,Original
903,0.9303732439600682,Marginal Adhesion,Original
904,0.777633313974315,Single Epithelial Cell Size,Original
905,1.8338029564616323,Bare Nuclei,Original
906,1.2734372159419234,Bland Chromatin,Original
907,0.8251110588399034,Normal Nucleoli,Original
908,0.18060169223454262,Mitoses,Original
909,2.3612663528102362,Clump Thickness,CTGAN
910,1.3920366288773274,Uniformity of Cell Size,CTGAN
911,1.2866352657959788,Uniformity of Cell Shape,CTGAN
912,0.577889132308329,Marginal Adhesion,CTGAN
913,0.8444692982424273,Single Epithelial Cell Size,CTGAN
914,3.786999135744279,Bare Nuclei,CTGAN
915,0.5802464331251563,Bland Chromatin,CTGAN
916,0.8426153567901903,Normal Nucleoli,CTGAN
917,0.04772156298086882,Mitoses,CTGAN
918,1.0591182361037006,Clump Thickness,Original
919,1.973366986389046,Uniformity of Cell Size,Original
920,2.042432600602622,Uniformity of Cell Shape,Original
921,0.8059909961462173,Marginal Adhesion,Original
922,0.7835652571266468,Single Epithelial Cell Size,Original
923,1.8753256127466997,Bare Nuclei,Original
924,1.3086367139381845,Bland Chromatin,Original
925,0.9550592895728554,Normal Nucleoli,Original
926,0.21564752557378167,Mitoses,Original
927,2.5699315863981247,Clump Thickness,CTGAN
928,1.5700675614911304,Uniformity of Cell Size,CTGAN
929,1.3472490132285688,Uniformity of Cell Shape,CTGAN
930,0.5961608032307356,Marginal Adhesion,CTGAN
931,0.815653408016034,Single Epithelial Cell Size,CTGAN
932,4.062589904799015,Bare Nuclei,CTGAN
933,0.6692348790286455,Bland Chromatin,CTGAN
934,0.8051424889590987,Normal Nucleoli,CTGAN
935,0.04994845000391268,Mitoses,CTGAN
936,1.0453978618067028,Clump Thickness,Original
937,1.9572473141706819,Uniformity of Cell Size,Original
938,1.9886210751485722,Uniformity of Cell Shape,Original
939,0.8553184492126641,Marginal Adhesion,Original
940,0.8461965555915777,Single Epithelial Cell Size,Original
941,1.7866715684784038,Bare Nuclei,Original
942,1.2910233599612164,Bland Chromatin,Original
943,0.9698563405914237,Normal Nucleoli,Original
944,0.17136393904207126,Mitoses,Original
945,2.365460625561882,Clump Thickness,CTGAN
946,1.2972708927659644,Uniformity of Cell Size,CTGAN
947,1.2365784393442094,Uniformity of Cell Shape,CTGAN
948,0.599699091978814,Marginal Adhesion,CTGAN
949,0.9535213020529977,Single Epithelial Cell Size,CTGAN
950,3.5733038007234317,Bare Nuclei,CTGAN
951,0.7057382735055548,Bland Chromatin,CTGAN
952,0.8616323973725345,Normal Nucleoli,CTGAN
953,0.05797057914615906,Mitoses,CTGAN
954,1.0993199586201736,Clump Thickness,Original
955,1.7515261088089271,Uniformity of Cell Size,Original
956,1.8565785486026942,Uniformity of Cell Shape,Original
957,0.8842396312355549,Marginal Adhesion,Original
958,0.8075345183508157,Single Epithelial Cell Size,Original
959,1.8437681087439264,Bare Nuclei,Original
960,1.3520841487934914,Bland Chromatin,Original
961,0.9292620403713472,Normal Nucleoli,Original
962,0.17525207641153032,Mitoses,Original
963,2.2674491700985393,Clump Thickness,CTGAN
964,1.445529860567569,Uniformity of Cell Size,CTGAN
965,1.281785843410588,Uniformity of Cell Shape,CTGAN
966,0.5683591579017033,Marginal Adhesion,CTGAN
967,0.8568228917812954,Single Epithelial Cell Size,CTGAN
968,3.7316430471551136,Bare Nuclei,CTGAN
969,0.7075586927762336,Bland Chromatin,CTGAN
970,0.8168901530993531,Normal Nucleoli,CTGAN
971,0.05788633194390419,Mitoses,CTGAN
972,1.216707171729732,Clump Thickness,Original
973,1.8224521837711745,Uniformity of Cell Size,Original
974,2.0091624451543306,Uniformity of Cell Shape,Original
975,0.8515009409766622,Marginal Adhesion,Original
976,0.7187462494899562,Single Epithelial Cell Size,Original
977,1.7771691523233062,Bare Nuclei,Original
978,1.1967042258694363,Bland Chromatin,Original
979,1.0888958274995812,Normal Nucleoli,Original
980,0.19345672947856793,Mitoses,Original
981,2.3236465759749154,Clump Thickness,CTGAN
982,1.4381473346509503,Uniformity of Cell Size,CTGAN
983,1.334997143320914,Uniformity of Cell Shape,CTGAN
984,0.5718122430415162,Marginal Adhesion,CTGAN
985,0.8995111070922694,Single Epithelial Cell Size,CTGAN
986,3.817505021473516,Bare Nuclei,CTGAN
987,0.6256453806272303,Bland Chromatin,CTGAN
988,0.8339599371901215,Normal Nucleoli,CTGAN
989,0.06120733902623843,Mitoses,CTGAN
990,1.238101710909482,Clump Thickness,Original
991,1.7833607514942316,Uniformity of Cell Size,Original
992,1.8585074778640132,Uniformity of Cell Shape,Original
993,0.8165276668127979,Marginal Adhesion,Original
994,0.8138269380274469,Single Epithelial Cell Size,Original
995,2.037361204481071,Bare Nuclei,Original
996,1.4784329378716485,Bland Chromatin,Original
997,0.9474016469347444,Normal Nucleoli,Original
998,0.23395145031311365,Mitoses,Original
999,2.573674076277885,Clump Thickness,CTGAN
1000,1.373104210794424,Uniformity of Cell Size,CTGAN
1001,1.317241059688649,Uniformity of Cell Shape,CTGAN
1002,0.5829746943191018,Marginal Adhesion,CTGAN
1003,0.8720516622913713,Single Epithelial Cell Size,CTGAN
1004,3.8721324258535468,Bare Nuclei,CTGAN
1005,0.7772139466136374,Bland Chromatin,CTGAN
1006,0.8443621984379007,Normal Nucleoli,CTGAN
1007,0.0483282862218878,Mitoses,CTGAN
1008,1.0760579992519161,Clump Thickness,Original
1009,1.7359010570537867,Uniformity of Cell Size,Original
1010,1.768141676883015,Uniformity of Cell Shape,Original
1011,0.9439060451850847,Marginal Adhesion,Original
1012,0.7617908432901047,Single Epithelial Cell Size,Original
1013,2.0056240950349546,Bare Nuclei,Original
1014,1.0999651905246077,Bland Chromatin,Original
1015,0.8840597594959422,Normal Nucleoli,Original
1016,0.19843702354171255,Mitoses,Original
1017,2.4962711234139205,Clump Thickness,CTGAN
1018,1.3721268241498956,Uniformity of Cell Size,CTGAN
1019,1.1882655543560683,Uniformity of Cell Shape,CTGAN
1020,0.5732908765102054,Marginal Adhesion,CTGAN
1021,0.8550746174991198,Single Epithelial Cell Size,CTGAN
1022,3.9831862148172723,Bare Nuclei,CTGAN
1023,0.7039709257481704,Bland Chromatin,CTGAN
1024,0.8229530689750126,Normal Nucleoli,CTGAN
1025,0.057366898107542835,Mitoses,CTGAN
1026,1.1329795469232864,Clump Thickness,Original
1027,1.773777582706435,Uniformity of Cell Size,Original
1028,1.9113299778556767,Uniformity of Cell Shape,Original
1029,0.9027968799637255,Marginal Adhesion,Original
1030,0.7451216736986379,Single Epithelial Cell Size,Original
1031,2.248386842556591,Bare Nuclei,Original
1032,1.2649952046964514,Bland Chromatin,Original
1033,0.9233290712173251,Normal Nucleoli,Original
1034,0.19149219526285718,Mitoses,Original
1035,2.4944466490298143,Clump Thickness,CTGAN
1036,1.553684045612782,Uniformity of Cell Size,CTGAN
1037,1.3519928914016457,Uniformity of Cell Shape,CTGAN
1038,0.5464510058078791,Marginal Adhesion,CTGAN
1039,0.9267121253784271,Single Epithelial Cell Size,CTGAN
1040,3.728115746406217,Bare Nuclei,CTGAN
1041,0.7441143297500457,Bland Chromatin,CTGAN
1042,0.8250603334657097,Normal Nucleoli,CTGAN
1043,0.052466269760234406,Mitoses,CTGAN
1044,1.1794806092307322,Clump Thickness,Original
1045,1.7633109105457416,Uniformity of Cell Size,Original
1046,1.8440224211025456,Uniformity of Cell Shape,Original
1047,0.8311925647252655,Marginal Adhesion,Original
1048,0.8293716472505467,Single Epithelial Cell Size,Original
1049,1.988617920448515,Bare Nuclei,Original
1050,1.3401194950118298,Bland Chromatin,Original
1051,0.9453496467539256,Normal Nucleoli,Original
1052,0.17117556116057636,Mitoses,Original
1053,2.6005339744725697,Clump Thickness,CTGAN
1054,1.3774432557910976,Uniformity of Cell Size,CTGAN
1055,1.2131562666318612,Uniformity of Cell Shape,CTGAN
1056,0.5397213623069411,Marginal Adhesion,CTGAN
1057,0.8310170109723468,Single Epithelial Cell Size,CTGAN
1058,4.493430583477723,Bare Nuclei,CTGAN
1059,0.7085910870588191,Bland Chromatin,CTGAN
1060,0.7725258761876115,Normal Nucleoli,CTGAN
1061,0.05349850010491454,Mitoses,CTGAN
1062,1.1000693376003141,Clump Thickness,Original
1063,1.7594493335058985,Uniformity of Cell Size,Original
1064,1.8257267380983493,Uniformity of Cell Shape,Original
1065,0.8712719493714186,Marginal Adhesion,Original
1066,0.8761444280053249,Single Epithelial Cell Size,Original
1067,1.78894464880418,Bare Nuclei,Original
1068,1.2910000627626936,Bland Chromatin,Original
1069,0.8351651816123284,Normal Nucleoli,Original
1070,0.17032442638677578,Mitoses,Original
1071,2.2468343325283917,Clump Thickness,CTGAN
1072,1.1528604273613523,Uniformity of Cell Size,CTGAN
1073,1.2516385463788904,Uniformity of Cell Shape,CTGAN
1074,0.5996873137750488,Marginal Adhesion,CTGAN
1075,0.8923402825154367,Single Epithelial Cell Size,CTGAN
1076,3.5889948232356352,Bare Nuclei,CTGAN
1077,0.8091386305976476,Bland Chromatin,CTGAN
1078,0.8207786275023927,Normal Nucleoli,CTGAN
1079,0.06050442388651226,Mitoses,CTGAN
1080,1.1661815496802435,Clump Thickness,Original
1081,1.873050062449952,Uniformity of Cell Size,Original
1082,1.9952921892035773,Uniformity of Cell Shape,Original
1083,0.8592933694294653,Marginal Adhesion,Original
1084,0.7443067009883281,Single Epithelial Cell Size,Original
1085,1.7067117059840975,Bare Nuclei,Original
1086,1.4259049205170027,Bland Chromatin,Original
1087,0.8607443457292495,Normal Nucleoli,Original
1088,0.19071476674383386,Mitoses,Original
1089,2.375044649191244,Clump Thickness,CTGAN
1090,1.4128713277876885,Uniformity of Cell Size,CTGAN
1091,1.3331487081602307,Uniformity of Cell Shape,CTGAN
1092,0.5125219251810141,Marginal Adhesion,CTGAN
1093,0.9559901851070355,Single Epithelial Cell Size,CTGAN
1094,3.644254339685858,Bare Nuclei,CTGAN
1095,0.685461574568953,Bland Chromatin,CTGAN
1096,0.8072758691896879,Normal Nucleoli,CTGAN
1097,0.055792260750660544,Mitoses,CTGAN
1098,1.1291991031372113,Clump Thickness,Original
1099,1.946929946064469,Uniformity of Cell Size,Original
1100,1.9249107974512314,Uniformity of Cell Shape,Original
1101,0.8787430532985746,Marginal Adhesion,Original
1102,0.8265538703075921,Single Epithelial Cell Size,Original
1103,1.952987339298592,Bare Nuclei,Original
1104,1.444884159763632,Bland Chromatin,Original
1105,0.9488284176103786,Normal Nucleoli,Original
1106,0.20395987369483545,Mitoses,Original
1107,2.598769708445745,Clump Thickness,CTGAN
1108,1.368454205630668,Uniformity of Cell Size,CTGAN
1109,1.3387834201107387,Uniformity of Cell Shape,CTGAN
1110,0.530415400272035,Marginal Adhesion,CTGAN
1111,0.8517486199672895,Single Epithelial Cell Size,CTGAN
1112,3.905747044917894,Bare Nuclei,CTGAN
1113,0.8236056085231053,Bland Chromatin,CTGAN
1114,0.834903997672956,Normal Nucleoli,CTGAN
1115,0.0516601960934369,Mitoses,CTGAN
1116,1.2303376228021328,Clump Thickness,Original
1117,1.861970546024108,Uniformity of Cell Size,Original
1118,2.0509511915426066,Uniformity of Cell Shape,Original
1119,0.8398917626362957,Marginal Adhesion,Original
1120,0.8187174422554298,Single Epithelial Cell Size,Original
1121,1.7642732750708987,Bare Nuclei,Original
1122,1.3016939374587972,Bland Chromatin,Original
1123,1.0249700605897787,Normal Nucleoli,Original
1124,0.1971398951354836,Mitoses,Original
1125,2.4638589932754313,Clump Thickness,CTGAN
1126,1.3371345682103017,Uniformity of Cell Size,CTGAN
1127,1.3510235595152007,Uniformity of Cell Shape,CTGAN
1128,0.5619612767416374,Marginal Adhesion,CTGAN
1129,0.8996040256376914,Single Epithelial Cell Size,CTGAN
1130,3.78087703427571,Bare Nuclei,CTGAN
1131,0.7373230454847132,Bland Chromatin,CTGAN
1132,0.797685944978171,Normal Nucleoli,CTGAN
1133,0.06344842927539213,Mitoses,CTGAN
1134,1.0872145611112034,Clump Thickness,Original
1135,1.846557551240776,Uniformity of Cell Size,Original
1136,1.995947835142943,Uniformity of Cell Shape,Original
1137,0.8897426110945922,Marginal Adhesion,Original
1138,0.7660908813109885,Single Epithelial Cell Size,Original
1139,2.19978687167856,Bare Nuclei,Original
1140,1.5525707144718188,Bland Chromatin,Original
1141,0.9954004039423056,Normal Nucleoli,Original
1142,0.19404631412816903,Mitoses,Original
1143,2.243985623251062,Clump Thickness,CTGAN
1144,1.3333189874615812,Uniformity of Cell Size,CTGAN
1145,1.1294768506323067,Uniformity of Cell Shape,CTGAN
1146,0.5764749679762688,Marginal Adhesion,CTGAN
1147,0.8151308236902165,Single Epithelial Cell Size,CTGAN
1148,3.1632866047443895,Bare Nuclei,CTGAN
1149,0.7306943081817746,Bland Chromatin,CTGAN
1150,0.7773283369968013,Normal Nucleoli,CTGAN
1151,0.06715240210440089,Mitoses,CTGAN
1152,1.1371092919210695,Clump Thickness,Original
1153,1.8831205509949323,Uniformity of Cell Size,Original
1154,2.006981499485318,Uniformity of Cell Shape,Original
1155,0.8777204208305924,Marginal Adhesion,Original
1156,0.8754910928344342,Single Epithelial Cell Size,Original
1157,1.624582394283317,Bare Nuclei,Original
1158,1.3726391262428876,Bland Chromatin,Original
1159,1.008363250301067,Normal Nucleoli,Original
1160,0.21722121676085127,Mitoses,Original
1161,2.5181007941173905,Clump Thickness,CTGAN
1162,1.4843273904075192,Uniformity of Cell Size,CTGAN
1163,1.2665416986194133,Uniformity of Cell Shape,CTGAN
1164,0.5621269811059569,Marginal Adhesion,CTGAN
1165,0.8704135238311763,Single Epithelial Cell Size,CTGAN
1166,3.58627736511908,Bare Nuclei,CTGAN
1167,0.7981216708912264,Bland Chromatin,CTGAN
1168,0.8615204676787312,Normal Nucleoli,CTGAN
1169,0.055974122570079034,Mitoses,CTGAN
1170,1.0955005481704796,Clump Thickness,Original
1171,1.7897896829300675,Uniformity of Cell Size,Original
1172,1.8201563734141581,Uniformity of Cell Shape,Original
1173,0.7746571121408288,Marginal Adhesion,Original
1174,0.7630860897878243,Single Epithelial Cell Size,Original
1175,1.9414888854709422,Bare Nuclei,Original
1176,1.296441959901152,Bland Chromatin,Original
1177,0.8557855903592039,Normal Nucleoli,Original
1178,0.17188997080802476,Mitoses,Original
1179,2.470217110804236,Clump Thickness,CTGAN
1180,1.3569592503785661,Uniformity of Cell Size,CTGAN
1181,1.277907057052291,Uniformity of Cell Shape,CTGAN
1182,0.5704980476824187,Marginal Adhesion,CTGAN
1183,0.8847178289219612,Single Epithelial Cell Size,CTGAN
1184,3.5482685578549074,Bare Nuclei,CTGAN
1185,0.6704662363594033,Bland Chromatin,CTGAN
1186,0.7797001977181797,Normal Nucleoli,CTGAN
1187,0.05670583693722212,Mitoses,CTGAN
1188,1.1738228257621641,Clump Thickness,Original
1189,1.8755443666478764,Uniformity of Cell Size,Original
1190,1.8554796462542713,Uniformity of Cell Shape,Original
1191,0.8515274210713317,Marginal Adhesion,Original
1192,0.8656842878308091,Single Epithelial Cell Size,Original
1193,2.1223390927133203,Bare Nuclei,Original
1194,1.3397104569953073,Bland Chromatin,Original
1195,0.8871115109012665,Normal Nucleoli,Original
1196,0.18116119013690796,Mitoses,Original
1197,2.2702973956659176,Clump Thickness,CTGAN
1198,1.326445113680127,Uniformity of Cell Size,CTGAN
1199,1.375513404447599,Uniformity of Cell Shape,CTGAN
1200,0.5267065670504887,Marginal Adhesion,CTGAN
1201,0.9257992782633291,Single Epithelial Cell Size,CTGAN
1202,3.5973372874700837,Bare Nuclei,CTGAN
1203,0.7331060021177234,Bland Chromatin,CTGAN
1204,0.7789531502867472,Normal Nucleoli,CTGAN
1205,0.05132554659762051,Mitoses,CTGAN
1206,0.983578609756764,Clump Thickness,Original
1207,1.7127018512960692,Uniformity of Cell Size,Original
1208,1.7721994413616757,Uniformity of Cell Shape,Original
1209,0.8060489106189975,Marginal Adhesion,Original
1210,0.7734864061347347,Single Epithelial Cell Size,Original
1211,2.0066629300210725,Bare Nuclei,Original
1212,1.3165337678305051,Bland Chromatin,Original
1213,1.0004523602057507,Normal Nucleoli,Original
1214,0.16668756837113444,Mitoses,Original
1215,2.715220451940537,Clump Thickness,CTGAN
1216,1.5008665206986243,Uniformity of Cell Size,CTGAN
1217,1.261509385546106,Uniformity of Cell Shape,CTGAN
1218,0.5340880024289759,Marginal Adhesion,CTGAN
1219,0.8749746950194296,Single Epithelial Cell Size,CTGAN
1220,3.860859725109764,Bare Nuclei,CTGAN
1221,0.7512248879245239,Bland Chromatin,CTGAN
1222,0.8678760506804264,Normal Nucleoli,CTGAN
1223,0.0587978888958703,Mitoses,CTGAN
1224,1.0866037500357648,Clump Thickness,Original
1225,1.7374224701071561,Uniformity of Cell Size,Original
1226,1.9211146057211843,Uniformity of Cell Shape,Original
1227,0.9100121343902338,Marginal Adhesion,Original
1228,0.7946757247393805,Single Epithelial Cell Size,Original
1229,1.9576083836351201,Bare Nuclei,Original
1230,1.3599777735307614,Bland Chromatin,Original
1231,0.9033853469309548,Normal Nucleoli,Original
1232,0.1927218849329648,Mitoses,Original
1233,2.3340044591469162,Clump Thickness,CTGAN
1234,1.3268400704948986,Uniformity of Cell Size,CTGAN
1235,1.2206706673881837,Uniformity of Cell Shape,CTGAN
1236,0.5544905127330462,Marginal Adhesion,CTGAN
1237,0.8993841223331082,Single Epithelial Cell Size,CTGAN
1238,3.5725293601129384,Bare Nuclei,CTGAN
1239,0.6717008777852866,Bland Chromatin,CTGAN
1240,0.8387515701000412,Normal Nucleoli,CTGAN
1241,0.06305341515592429,Mitoses,CTGAN
1242,1.0224505069993544,Clump Thickness,Original
1243,1.7545708648828222,Uniformity of Cell Size,Original
1244,1.7700731147236648,Uniformity of Cell Shape,Original
1245,0.8996626894679243,Marginal Adhesion,Original
1246,0.8388693378003199,Single Epithelial Cell Size,Original
1247,1.9623624078958508,Bare Nuclei,Original
1248,1.3433782807257473,Bland Chromatin,Original
1249,1.004242500104706,Normal Nucleoli,Original
1250,0.17440635259941215,Mitoses,Original
1251,2.524197998690675,Clump Thickness,CTGAN
1252,1.5715044052810911,Uniformity of Cell Size,CTGAN
1253,1.1289890791594488,Uniformity of Cell Shape,CTGAN
1254,0.5718677448803218,Marginal Adhesion,CTGAN
1255,0.9887885383612446,Single Epithelial Cell Size,CTGAN
1256,3.7155016554937115,Bare Nuclei,CTGAN
1257,0.7004031424857081,Bland Chromatin,CTGAN
1258,0.8960823049358699,Normal Nucleoli,CTGAN
1259,0.055159601842382514,Mitoses,CTGAN
1260,1.022773366148731,Clump Thickness,Original
1261,1.9189209696326714,Uniformity of Cell Size,Original
1262,1.9203386020223234,Uniformity of Cell Shape,Original
1263,0.8976877898978073,Marginal Adhesion,Original
1264,0.8046532902536195,Single Epithelial Cell Size,Original
1265,2.08944333159777,Bare Nuclei,Original
1266,1.3061447246180893,Bland Chromatin,Original
1267,1.0417250438634227,Normal Nucleoli,Original
1268,0.16661517565756317,Mitoses,Original
1269,2.466503556369038,Clump Thickness,CTGAN
1270,1.5144597612300235,Uniformity of Cell Size,CTGAN
1271,1.324096388781082,Uniformity of Cell Shape,CTGAN
1272,0.5468088793476007,Marginal Adhesion,CTGAN
1273,0.9068352063524574,Single Epithelial Cell Size,CTGAN
1274,3.6178849279857928,Bare Nuclei,CTGAN
1275,0.7512581458417955,Bland Chromatin,CTGAN
1276,0.8723084924099744,Normal Nucleoli,CTGAN
1277,0.06626931878863049,Mitoses,CTGAN
1278,1.270836593804676,Clump Thickness,Original
1279,1.9325757271003245,Uniformity of Cell Size,Original
1280,2.0802687009398166,Uniformity of Cell Shape,Original
1281,0.8782815687455491,Marginal Adhesion,Original
1282,0.8553005453038193,Single Epithelial Cell Size,Original
1283,1.8920154451096018,Bare Nuclei,Original
1284,1.4221800822853001,Bland Chromatin,Original
1285,0.9617856564536301,Normal Nucleoli,Original
1286,0.18963139155054953,Mitoses,Original
1287,2.797446164728728,Clump Thickness,CTGAN
1288,1.4456045177306636,Uniformity of Cell Size,CTGAN
1289,1.2479852006174232,Uniformity of Cell Shape,CTGAN
1290,0.59010924011138,Marginal Adhesion,CTGAN
1291,0.9092293083617483,Single Epithelial Cell Size,CTGAN
1292,3.9120350097634073,Bare Nuclei,CTGAN
1293,0.6705686738007599,Bland Chromatin,CTGAN
1294,0.8751632425144825,Normal Nucleoli,CTGAN
1295,0.0556537220950462,Mitoses,CTGAN
1296,1.0814288101137202,Clump Thickness,Original
1297,1.8497976592557854,Uniformity of Cell Size,Original
1298,1.9324222165730898,Uniformity of Cell Shape,Original
1299,0.8343103467926549,Marginal Adhesion,Original
1300,0.829952423249758,Single Epithelial Cell Size,Original
1301,1.9753088207226774,Bare Nuclei,Original
1302,1.2532643351396633,Bland Chromatin,Original
1303,0.9670593864262675,Normal Nucleoli,Original
1304,0.17290352337917414,Mitoses,Original
1305,2.4408199061602915,Clump Thickness,CTGAN
1306,1.286655012120126,Uniformity of Cell Size,CTGAN
1307,1.181449224881616,Uniformity of Cell Shape,CTGAN
1308,0.5433848604732269,Marginal Adhesion,CTGAN
1309,0.8623316840435277,Single Epithelial Cell Size,CTGAN
1310,3.559871946066295,Bare Nuclei,CTGAN
1311,0.7616105029984199,Bland Chromatin,CTGAN
1312,0.7266320664659235,Normal Nucleoli,CTGAN
1313,0.0645136463324292,Mitoses,CTGAN
1314,1.1401470719706233,Clump Thickness,Original
1315,1.8834804013606763,Uniformity of Cell Size,Original
1316,1.9754830410042272,Uniformity of Cell Shape,Original
1317,0.9571882245854901,Marginal Adhesion,Original
1318,0.8368761579211387,Single Epithelial Cell Size,Original
1319,1.6880967833755978,Bare Nuclei,Original
1320,1.4214560926577307,Bland Chromatin,Original
1321,1.144701460845831,Normal Nucleoli,Original
1322,0.21988863733894506,Mitoses,Original
1323,2.3938468455370447,Clump Thickness,CTGAN
1324,1.624780566651548,Uniformity of Cell Size,CTGAN
1325,1.3076545661289822,Uniformity of Cell Shape,CTGAN
1326,0.568754484526993,Marginal Adhesion,CTGAN
1327,0.8578771326059961,Single Epithelial Cell Size,CTGAN
1328,3.48999286769315,Bare Nuclei,CTGAN
1329,0.6619542360591084,Bland Chromatin,CTGAN
1330,0.912969469322258,Normal Nucleoli,CTGAN
1331,0.05657601121975052,Mitoses,CTGAN
1332,1.0821117342593867,Clump Thickness,Original
1333,1.8657995214018674,Uniformity of Cell Size,Original
1334,1.9003628090011377,Uniformity of Cell Shape,Original
1335,0.8705692258553338,Marginal Adhesion,Original
1336,0.8130827439057432,Single Epithelial Cell Size,Original
1337,1.8890235230922825,Bare Nuclei,Original
1338,1.2278989213536193,Bland Chromatin,Original
1339,1.1595928442022738,Normal Nucleoli,Original
1340,0.17552742676733418,Mitoses,Original
1341,2.762366497965722,Clump Thickness,CTGAN
1342,1.422125463785914,Uniformity of Cell Size,CTGAN
1343,1.304572365800718,Uniformity of Cell Shape,CTGAN
1344,0.535852646983161,Marginal Adhesion,CTGAN
1345,0.8781351778973521,Single Epithelial Cell Size,CTGAN
1346,3.0275963966745136,Bare Nuclei,CTGAN
1347,0.6443567371494953,Bland Chromatin,CTGAN
1348,0.9257833489733093,Normal Nucleoli,CTGAN
1349,0.06039414809505029,Mitoses,CTGAN
1350,1.0179400530205696,Clump Thickness,Original
1351,1.8653910378795597,Uniformity of Cell Size,Original
1352,1.8104310632254157,Uniformity of Cell Shape,Original
1353,0.855765792370719,Marginal Adhesion,Original
1354,0.8447888307201595,Single Epithelial Cell Size,Original
1355,1.8497512996552636,Bare Nuclei,Original
1356,1.3316826434339002,Bland Chromatin,Original
1357,0.9112764301381557,Normal Nucleoli,Original
1358,0.1700815346342157,Mitoses,Original
1359,2.527189208542335,Clump Thickness,CTGAN
1360,1.5362003410845633,Uniformity of Cell Size,CTGAN
1361,1.28476005243848,Uniformity of Cell Shape,CTGAN
1362,0.5820121537005909,Marginal Adhesion,CTGAN
1363,0.8911664317862332,Single Epithelial Cell Size,CTGAN
1364,3.636122615053092,Bare Nuclei,CTGAN
1365,0.6479387489563285,Bland Chromatin,CTGAN
1366,0.9049469766875615,Normal Nucleoli,CTGAN
1367,0.07277251770175003,Mitoses,CTGAN
1368,1.109498514033416,Clump Thickness,Original
1369,1.8858518543483704,Uniformity of Cell Size,Original
1370,1.9047800360859093,Uniformity of Cell Shape,Original
1371,0.9133241756772034,Marginal Adhesion,Original
1372,0.9207383434735454,Single Epithelial Cell Size,Original
1373,1.8247425695641972,Bare Nuclei,Original
1374,1.3467849368581757,Bland Chromatin,Original
1375,0.9577513854797135,Normal Nucleoli,Original
1376,0.20098598427718853,Mitoses,Original
1377,2.5420129505378672,Clump Thickness,CTGAN
1378,1.480668557299713,Uniformity of Cell Size,CTGAN
1379,1.2317752145863217,Uniformity of Cell Shape,CTGAN
1380,0.6004274786239344,Marginal Adhesion,CTGAN
1381,0.875922717943273,Single Epithelial Cell Size,CTGAN
1382,3.647727946763733,Bare Nuclei,CTGAN
1383,0.6884174176609051,Bland Chromatin,CTGAN
1384,0.8342762008081047,Normal Nucleoli,CTGAN
1385,0.05567860570834924,Mitoses,CTGAN
1386,1.0341355535819796,Clump Thickness,Original
1387,2.1079749452987713,Uniformity of Cell Size,Original
1388,2.2822191480579717,Uniformity of Cell Shape,Original
1389,1.0066873395431886,Marginal Adhesion,Original
1390,0.9290371353472553,Single Epithelial Cell Size,Original
1391,2.073796235403571,Bare Nuclei,Original
1392,1.5032450410642013,Bland Chromatin,Original
1393,1.0230165785881793,Normal Nucleoli,Original
1394,0.17791058137854573,Mitoses,Original
1395,2.438189569433842,Clump Thickness,CTGAN
1396,1.3284592016970436,Uniformity of Cell Size,CTGAN
1397,1.185559604569842,Uniformity of Cell Shape,CTGAN
1398,0.5945427337188595,Marginal Adhesion,CTGAN
1399,0.8837100213183741,Single Epithelial Cell Size,CTGAN
1400,3.9004249676157374,Bare Nuclei,CTGAN
1401,0.7388412302879731,Bland Chromatin,CTGAN
1402,0.8877262978288317,Normal Nucleoli,CTGAN
1403,0.06231715319366488,Mitoses,CTGAN
1404,1.1663488368256898,Clump Thickness,Original
1405,2.0191378614942197,Uniformity of Cell Size,Original
1406,1.9331339330584545,Uniformity of Cell Shape,Original
1407,0.9506255370434092,Marginal Adhesion,Original
1408,0.8772269037193653,Single Epithelial Cell Size,Original
1409,1.9633099086153305,Bare Nuclei,Original
1410,1.2321995606697194,Bland Chromatin,Original
1411,0.9154521162151944,Normal Nucleoli,Original
1412,0.18858072446725752,Mitoses,Original
1413,2.455360158004535,Clump Thickness,CTGAN
1414,1.3703128583614121,Uniformity of Cell Size,CTGAN
1415,1.2966362868048098,Uniformity of Cell Shape,CTGAN
1416,0.5745662689625697,Marginal Adhesion,CTGAN
1417,0.952944908640422,Single Epithelial Cell Size,CTGAN
1418,3.5772507805672547,Bare Nuclei,CTGAN
1419,0.691292670154886,Bland Chromatin,CTGAN
1420,0.9360358382631588,Normal Nucleoli,CTGAN
1421,0.059434383377365264,Mitoses,CTGAN
1422,0.9628155053882973,Clump Thickness,Original
1423,1.8473266115099822,Uniformity of Cell Size,Original
1424,1.9751993681291786,Uniformity of Cell Shape,Original
1425,0.8692773026327933,Marginal Adhesion,Original
1426,0.8525938452008005,Single Epithelial Cell Size,Original
1427,1.7156710749380502,Bare Nuclei,Original
1428,1.2540534230354377,Bland Chromatin,Original
1429,0.9652551718557452,Normal Nucleoli,Original
1430,0.14646985811447688,Mitoses,Original
1431,2.385493655626046,Clump Thickness,CTGAN
1432,1.4947020066922045,Uniformity of Cell Size,CTGAN
1433,1.304349899018556,Uniformity of Cell Shape,CTGAN
1434,0.5656535492235543,Marginal Adhesion,CTGAN
1435,0.9022972410611091,Single Epithelial Cell Size,CTGAN
1436,3.6741506030747346,Bare Nuclei,CTGAN
1437,0.6991549905482081,Bland Chromatin,CTGAN
1438,0.8141862392610663,Normal Nucleoli,CTGAN
1439,0.04850092458905798,Mitoses,CTGAN
1440,1.1852019279335,Clump Thickness,Original
1441,1.9471722714224824,Uniformity of Cell Size,Original
1442,2.020888325679598,Uniformity of Cell Shape,Original
1443,0.8440916127478532,Marginal Adhesion,Original
1444,0.867880348972649,Single Epithelial Cell Size,Original
1445,1.9915268216385815,Bare Nuclei,Original
1446,1.2687340542077346,Bland Chromatin,Original
1447,0.9783378601311743,Normal Nucleoli,Original
1448,0.19185052348500448,Mitoses,Original
1449,2.5376226652689353,Clump Thickness,CTGAN
1450,1.4394295489256295,Uniformity of Cell Size,CTGAN
1451,1.3024421548893947,Uniformity of Cell Shape,CTGAN
1452,0.6032644987990465,Marginal Adhesion,CTGAN
1453,0.9446081272036185,Single Epithelial Cell Size,CTGAN
1454,3.6626555613791942,Bare Nuclei,CTGAN
1455,0.7167633258258713,Bland Chromatin,CTGAN
1456,0.832036329681605,Normal Nucleoli,CTGAN
1457,0.049177116419939756,Mitoses,CTGAN
1458,1.0834517409130706,Clump Thickness,Original
1459,1.70065876576993,Uniformity of Cell Size,Original
1460,1.8782908214330039,Uniformity of Cell Shape,Original
1461,0.877627521331876,Marginal Adhesion,Original
1462,0.8871345637763206,Single Epithelial Cell Size,Original
1463,1.8021557374027715,Bare Nuclei,Original
1464,1.202796500577567,Bland Chromatin,Original
1465,1.029306567890219,Normal Nucleoli,Original
1466,0.17456237450509515,Mitoses,Original
1467,2.615913175229706,Clump Thickness,CTGAN
1468,1.486933492949103,Uniformity of Cell Size,CTGAN
1469,1.215396216689794,Uniformity of Cell Shape,CTGAN
1470,0.5871811933940851,Marginal Adhesion,CTGAN
1471,0.8712468601864298,Single Epithelial Cell Size,CTGAN
1472,4.268672092697204,Bare Nuclei,CTGAN
1473,0.6895665311671197,Bland Chromatin,CTGAN
1474,0.896008635611248,Normal Nucleoli,CTGAN
1475,0.05817500662133434,Mitoses,CTGAN
1476,1.1874832579548644,Clump Thickness,Original
1477,1.9314644088224764,Uniformity of Cell Size,Original
1478,1.908828491909683,Uniformity of Cell Shape,Original
1479,0.9651963711627599,Marginal Adhesion,Original
1480,0.7973274960517008,Single Epithelial Cell Size,Original
1481,2.0538630150398745,Bare Nuclei,Original
1482,1.281900662768025,Bland Chromatin,Original
1483,0.8757202972607477,Normal Nucleoli,Original
1484,0.20384858948441878,Mitoses,Original
1485,2.5748305368633786,Clump Thickness,CTGAN
1486,1.442545827474065,Uniformity of Cell Size,CTGAN
1487,1.2683228042296482,Uniformity of Cell Shape,CTGAN
1488,0.5385995978083531,Marginal Adhesion,CTGAN
1489,0.8312686705467576,Single Epithelial Cell Size,CTGAN
1490,3.5243063932548564,Bare Nuclei,CTGAN
1491,0.7683719484314923,Bland Chromatin,CTGAN
1492,0.8707466259446416,Normal Nucleoli,CTGAN
1493,0.05019980059484065,Mitoses,CTGAN
1494,1.1136817743630947,Clump Thickness,Original
1495,2.0028608709093785,Uniformity of Cell Size,Original
1496,1.981187969311741,Uniformity of Cell Shape,Original
1497,0.8133584265305737,Marginal Adhesion,Original
1498,0.8169208427113603,Single Epithelial Cell Size,Original
1499,1.7853644177846668,Bare Nuclei,Original
1500,1.2424178503048606,Bland Chromatin,Original
1501,1.0062968643332775,Normal Nucleoli,Original
1502,0.20946492342714373,Mitoses,Original
1503,2.9573841172601116,Clump Thickness,CTGAN
1504,1.3934817211467405,Uniformity of Cell Size,CTGAN
1505,1.3261300177782425,Uniformity of Cell Shape,CTGAN
1506,0.5770157053178822,Marginal Adhesion,CTGAN
1507,0.9382077492668514,Single Epithelial Cell Size,CTGAN
1508,4.358548465646769,Bare Nuclei,CTGAN
1509,0.6260574046574308,Bland Chromatin,CTGAN
1510,0.8364109938140585,Normal Nucleoli,CTGAN
1511,0.05784080263789931,Mitoses,CTGAN
1512,1.0257054805928643,Clump Thickness,Original
1513,1.746070404654973,Uniformity of Cell Size,Original
1514,1.7842571776691516,Uniformity of Cell Shape,Original
1515,0.8799851191030235,Marginal Adhesion,Original
1516,0.7978292320260465,Single Epithelial Cell Size,Original
1517,2.106264751127736,Bare Nuclei,Original
1518,1.247924069643679,Bland Chromatin,Original
1519,0.8690515142357964,Normal Nucleoli,Original
1520,0.18524117050759667,Mitoses,Original
1521,2.3882378953551147,Clump Thickness,CTGAN
1522,1.243389323762256,Uniformity of Cell Size,CTGAN
1523,1.202623400417823,Uniformity of Cell Shape,CTGAN
1524,0.5282635647934394,Marginal Adhesion,CTGAN
1525,0.9552930970978193,Single Epithelial Cell Size,CTGAN
1526,3.683016357171493,Bare Nuclei,CTGAN
1527,0.6745799628005343,Bland Chromatin,CTGAN
1528,0.7253619525913995,Normal Nucleoli,CTGAN
1529,0.06030616532083628,Mitoses,CTGAN
1530,1.1559285088920377,Clump Thickness,Original
1531,2.0338234675776174,Uniformity of Cell Size,Original
1532,2.0180861403260097,Uniformity of Cell Shape,Original
1533,1.0077749634497657,Marginal Adhesion,Original
1534,0.8021094774178908,Single Epithelial Cell Size,Original
1535,1.8499558599578898,Bare Nuclei,Original
1536,1.3858418623687438,Bland Chromatin,Original
1537,0.8816624567904002,Normal Nucleoli,Original
1538,0.1671425630280056,Mitoses,Original
1539,2.497808588623679,Clump Thickness,CTGAN
1540,1.3458290675432645,Uniformity of Cell Size,CTGAN
1541,1.1763285672398192,Uniformity of Cell Shape,CTGAN
1542,0.564992992242855,Marginal Adhesion,CTGAN
1543,0.9254100375169811,Single Epithelial Cell Size,CTGAN
1544,3.3867623882258777,Bare Nuclei,CTGAN
1545,0.6389213089921063,Bland Chromatin,CTGAN
1546,0.8203065003867278,Normal Nucleoli,CTGAN
1547,0.04290346432350525,Mitoses,CTGAN
1548,1.37185908270725,Clump Thickness,Original
1549,1.9365384361296332,Uniformity of Cell Size,Original
1550,1.8853910216518768,Uniformity of Cell Shape,Original
1551,0.927258152583658,Marginal Adhesion,Original
1552,0.9249570518032539,Single Epithelial Cell Size,Original
1553,2.17554007800697,Bare Nuclei,Original
1554,1.4545149097959489,Bland Chromatin,Original
1555,1.0521507786445086,Normal Nucleoli,Original
1556,0.20234684832595676,Mitoses,Original
1557,2.7937993432897557,Clump Thickness,CTGAN
1558,1.5591801868429287,Uniformity of Cell Size,CTGAN
1559,1.2501581660858858,Uniformity of Cell Shape,CTGAN
1560,0.6426311606453353,Marginal Adhesion,CTGAN
1561,0.8582048031397195,Single Epithelial Cell Size,CTGAN
1562,3.9348967731175164,Bare Nuclei,CTGAN
1563,0.721976453352524,Bland Chromatin,CTGAN
1564,0.9425341551145006,Normal Nucleoli,CTGAN
1565,0.045539323751981324,Mitoses,CTGAN
1566,1.0416759045887565,Clump Thickness,Original
1567,1.740925268951707,Uniformity of Cell Size,Original
1568,1.7438341508473667,Uniformity of Cell Shape,Original
1569,0.8709402107328846,Marginal Adhesion,Original
1570,0.8101484700997564,Single Epithelial Cell Size,Original
1571,2.14906106210927,Bare Nuclei,Original
1572,1.3907486066370822,Bland Chromatin,Original
1573,0.8929991994314563,Normal Nucleoli,Original
1574,0.20237279685589485,Mitoses,Original
1575,2.6411310256784883,Clump Thickness,CTGAN
1576,1.5624640401814072,Uniformity of Cell Size,CTGAN
1577,1.3272892625682047,Uniformity of Cell Shape,CTGAN
1578,0.5418786927062412,Marginal Adhesion,CTGAN
1579,0.8949314002100136,Single Epithelial Cell Size,CTGAN
1580,3.4063208257124455,Bare Nuclei,CTGAN
1581,0.6645011316328816,Bland Chromatin,CTGAN
1582,0.919931546586883,Normal Nucleoli,CTGAN
1583,0.07871951497455014,Mitoses,CTGAN
1584,1.2987200119237072,Clump Thickness,Original
1585,1.84526932844578,Uniformity of Cell Size,Original
1586,1.8613672232778657,Uniformity of Cell Shape,Original
1587,0.8586972889615236,Marginal Adhesion,Original
1588,0.8862351481280296,Single Epithelial Cell Size,Original
1589,2.010195571458998,Bare Nuclei,Original
1590,1.3080682214982053,Bland Chromatin,Original
1591,1.0763211402635915,Normal Nucleoli,Original
1592,0.2385814379601466,Mitoses,Original
1593,2.541280771124889,Clump Thickness,CTGAN
1594,1.4239013281576887,Uniformity of Cell Size,CTGAN
1595,1.3967306009886022,Uniformity of Cell Shape,CTGAN
1596,0.5589549800356186,Marginal Adhesion,CTGAN
1597,0.8634340755323734,Single Epithelial Cell Size,CTGAN
1598,3.615300903599339,Bare Nuclei,CTGAN
1599,0.6921328646899222,Bland Chromatin,CTGAN
1600,0.8564325532474187,Normal Nucleoli,CTGAN
1601,0.05776308975830463,Mitoses,CTGAN
1602,1.203966344500557,Clump Thickness,Original
1603,1.8240646962219962,Uniformity of Cell Size,Original
1604,1.901072527070836,Uniformity of Cell Shape,Original
1605,0.864316341359361,Marginal Adhesion,Original
1606,0.9035493760738402,Single Epithelial Cell Size,Original
1607,1.9159524706859403,Bare Nuclei,Original
1608,1.3216360045658462,Bland Chromatin,Original
1609,0.9364644577350031,Normal Nucleoli,Original
1610,0.1829996509211051,Mitoses,Original
1611,2.5073606814808707,Clump Thickness,CTGAN
1612,1.4659763380656796,Uniformity of Cell Size,CTGAN
1613,1.2470527631670303,Uniformity of Cell Shape,CTGAN
1614,0.5332421260288946,Marginal Adhesion,CTGAN
1615,0.8699532760307294,Single Epithelial Cell Size,CTGAN
1616,4.097100476196768,Bare Nuclei,CTGAN
1617,0.7234243204766402,Bland Chromatin,CTGAN
1618,0.8990288243517193,Normal Nucleoli,CTGAN
1619,0.03896733319617951,Mitoses,CTGAN
1620,1.0721547220698318,Clump Thickness,Original
1621,1.8160656306508143,Uniformity of Cell Size,Original
1622,1.8466639918052072,Uniformity of Cell Shape,Original
1623,0.8271121562528765,Marginal Adhesion,Original
1624,0.7129556164447711,Single Epithelial Cell Size,Original
1625,1.8731105131803731,Bare Nuclei,Original
1626,1.3405679301916305,Bland Chromatin,Original
1627,1.0388147402758097,Normal Nucleoli,Original
1628,0.1921163708049263,Mitoses,Original
1629,2.4403144237317274,Clump Thickness,CTGAN
1630,1.4678460266338622,Uniformity of Cell Size,CTGAN
1631,1.292030749437461,Uniformity of Cell Shape,CTGAN
1632,0.5470403170552736,Marginal Adhesion,CTGAN
1633,0.9297498815613846,Single Epithelial Cell Size,CTGAN
1634,3.87670793256328,Bare Nuclei,CTGAN
1635,0.6740024800385674,Bland Chromatin,CTGAN
1636,0.8800301994375984,Normal Nucleoli,CTGAN
1637,0.0488253740958589,Mitoses,CTGAN
1638,1.1730646984447555,Clump Thickness,Original
1639,2.0280459594024234,Uniformity of Cell Size,Original
1640,2.0351282435998166,Uniformity of Cell Shape,Original
1641,1.0708103644523228,Marginal Adhesion,Original
1642,0.8404617069543148,Single Epithelial Cell Size,Original
1643,1.8888856184751062,Bare Nuclei,Original
1644,1.4208029965581512,Bland Chromatin,Original
1645,1.0009352571154568,Normal Nucleoli,Original
1646,0.16855874490935513,Mitoses,Original
1647,2.3052490609519487,Clump Thickness,CTGAN
1648,1.4704704774796302,Uniformity of Cell Size,CTGAN
1649,1.2566772683023106,Uniformity of Cell Shape,CTGAN
1650,0.5395161136426747,Marginal Adhesion,CTGAN
1651,0.9525532749853461,Single Epithelial Cell Size,CTGAN
1652,3.461506796364869,Bare Nuclei,CTGAN
1653,0.6865532474221079,Bland Chromatin,CTGAN
1654,0.8376963498108172,Normal Nucleoli,CTGAN
1655,0.05876975675360487,Mitoses,CTGAN
1656,1.0554264564734974,Clump Thickness,Original
1657,1.7093109480812583,Uniformity of Cell Size,Original
1658,1.764737067612695,Uniformity of Cell Shape,Original
1659,0.8485786167928395,Marginal Adhesion,Original
1660,0.8490162298754428,Single Epithelial Cell Size,Original
1661,1.891811761429506,Bare Nuclei,Original
1662,1.2855276471350756,Bland Chromatin,Original
1663,0.9241314976555302,Normal Nucleoli,Original
1664,0.1423658190155022,Mitoses,Original
1665,2.730531716367877,Clump Thickness,CTGAN
1666,1.5572027306078868,Uniformity of Cell Size,CTGAN
1667,1.2014242611732382,Uniformity of Cell Shape,CTGAN
1668,0.5440835298098776,Marginal Adhesion,CTGAN
1669,0.9191664124964711,Single Epithelial Cell Size,CTGAN
1670,4.447152884239895,Bare Nuclei,CTGAN
1671,0.6890579708248937,Bland Chromatin,CTGAN
1672,0.9347239549208582,Normal Nucleoli,CTGAN
1673,0.054164496584432696,Mitoses,CTGAN
1674,1.0245345165707374,Clump Thickness,Original
1675,1.934293108489099,Uniformity of Cell Size,Original
1676,1.758637729203042,Uniformity of Cell Shape,Original
1677,0.952164796492745,Marginal Adhesion,Original
1678,0.795678441822642,Single Epithelial Cell Size,Original
1679,1.7774911721669966,Bare Nuclei,Original
1680,1.35883587961614,Bland Chromatin,Original
1681,0.9721019395933631,Normal Nucleoli,Original
1682,0.1858500223064813,Mitoses,Original
1683,2.2981864836038057,Clump Thickness,CTGAN
1684,1.4319463295751214,Uniformity of Cell Size,CTGAN
1685,1.2452472977159068,Uniformity of Cell Shape,CTGAN
1686,0.4924535770681639,Marginal Adhesion,CTGAN
1687,0.9007413232548676,Single Epithelial Cell Size,CTGAN
1688,3.922257709297196,Bare Nuclei,CTGAN
1689,0.7173616968318905,Bland Chromatin,CTGAN
1690,0.8121169332590458,Normal Nucleoli,CTGAN
1691,0.06358211071398592,Mitoses,CTGAN
1692,1.1666070302790765,Clump Thickness,Original
1693,1.9671427767805596,Uniformity of Cell Size,Original
1694,2.1804156508777712,Uniformity of Cell Shape,Original
1695,0.8865188114758378,Marginal Adhesion,Original
1696,0.8676531850053573,Single Epithelial Cell Size,Original
1697,1.9216333817078617,Bare Nuclei,Original
1698,1.2735623028104817,Bland Chromatin,Original
1699,1.104729322050049,Normal Nucleoli,Original
1700,0.19087080698366798,Mitoses,Original
1701,2.3169118148960077,Clump Thickness,CTGAN
1702,1.3590580648635533,Uniformity of Cell Size,CTGAN
1703,1.209852791968055,Uniformity of Cell Shape,CTGAN
1704,0.5585376793234001,Marginal Adhesion,CTGAN
1705,0.9422697915776947,Single Epithelial Cell Size,CTGAN
1706,3.1106021185433863,Bare Nuclei,CTGAN
1707,0.6474925876875848,Bland Chromatin,CTGAN
1708,0.8107929655003236,Normal Nucleoli,CTGAN
1709,0.0549670633846948,Mitoses,CTGAN
1710,1.1686777744451076,Clump Thickness,Original
1711,1.9431372846754031,Uniformity of Cell Size,Original
1712,2.0315849723060797,Uniformity of Cell Shape,Original
1713,1.0652200998190535,Marginal Adhesion,Original
1714,0.7554321876486617,Single Epithelial Cell Size,Original
1715,2.2278164088859667,Bare Nuclei,Original
1716,1.5842246015614139,Bland Chromatin,Original
1717,1.0141283223747368,Normal Nucleoli,Original
1718,0.16554383342320525,Mitoses,Original
1719,2.476398499626084,Clump Thickness,CTGAN
1720,1.419712918520552,Uniformity of Cell Size,CTGAN
1721,1.1487594120805633,Uniformity of Cell Shape,CTGAN
1722,0.5630051631266466,Marginal Adhesion,CTGAN
1723,0.9212288780631938,Single Epithelial Cell Size,CTGAN
1724,3.543628722638798,Bare Nuclei,CTGAN
1725,0.6720510326185629,Bland Chromatin,CTGAN
1726,0.8034235283570474,Normal Nucleoli,CTGAN
1727,0.0461778735204189,Mitoses,CTGAN
1728,0.9541161951892311,Clump Thickness,Original
1729,1.8797484181001174,Uniformity of Cell Size,Original
1730,1.8810026255659806,Uniformity of Cell Shape,Original
1731,0.8719829071041928,Marginal Adhesion,Original
1732,0.8805672772006343,Single Epithelial Cell Size,Original
1733,2.02458642483947,Bare Nuclei,Original
1734,1.288364570363829,Bland Chromatin,Original
1735,0.8274255283112387,Normal Nucleoli,Original
1736,0.16678821583339046,Mitoses,Original
1737,2.4170143529916133,Clump Thickness,CTGAN
1738,1.3992072612510866,Uniformity of Cell Size,CTGAN
1739,1.241845060327519,Uniformity of Cell Shape,CTGAN
1740,0.6405375834618768,Marginal Adhesion,CTGAN
1741,0.8466565317625502,Single Epithelial Cell Size,CTGAN
1742,3.7172435289599464,Bare Nuclei,CTGAN
1743,0.7203677256755862,Bland Chromatin,CTGAN
1744,0.9133783583964411,Normal Nucleoli,CTGAN
1745,0.06012538065844827,Mitoses,CTGAN
1746,1.0906900736031127,Clump Thickness,Original
1747,1.8706031597579145,Uniformity of Cell Size,Original
1748,1.8285417879564898,Uniformity of Cell Shape,Original
1749,0.8113207712738808,Marginal Adhesion,Original
1750,0.8498015968467131,Single Epithelial Cell Size,Original
1751,1.9912193731559997,Bare Nuclei,Original
1752,1.298778774815094,Bland Chromatin,Original
1753,0.9355779721519772,Normal Nucleoli,Original
1754,0.18855778021104758,Mitoses,Original
1755,2.622463922882829,Clump Thickness,CTGAN
1756,1.2949073032315672,Uniformity of Cell Size,CTGAN
1757,1.2564531571288426,Uniformity of Cell Shape,CTGAN
1758,0.5743687971498923,Marginal Adhesion,CTGAN
1759,0.898788923966169,Single Epithelial Cell Size,CTGAN
1760,3.611714444977113,Bare Nuclei,CTGAN
1761,0.6875879228230526,Bland Chromatin,CTGAN
1762,0.8940911484231115,Normal Nucleoli,CTGAN
1763,0.05123083204676925,Mitoses,CTGAN
1764,1.012944585101256,Clump Thickness,Original
1765,1.8365351041648383,Uniformity of Cell Size,Original
1766,1.9544656370495188,Uniformity of Cell Shape,Original
1767,0.9402472642500219,Marginal Adhesion,Original
1768,0.8471304955319423,Single Epithelial Cell Size,Original
1769,1.8657971156953683,Bare Nuclei,Original
1770,1.4226239176457276,Bland Chromatin,Original
1771,1.0241559560200852,Normal Nucleoli,Original
1772,0.19023399661386833,Mitoses,Original
1773,2.5642230127809658,Clump Thickness,CTGAN
1774,1.5888808284719136,Uniformity of Cell Size,CTGAN
1775,1.46583953061867,Uniformity of Cell Shape,CTGAN
1776,0.5582396892546434,Marginal Adhesion,CTGAN
1777,0.8724051670720137,Single Epithelial Cell Size,CTGAN
1778,3.243175629253838,Bare Nuclei,CTGAN
1779,0.7182570098337212,Bland Chromatin,CTGAN
1780,0.8483304946675563,Normal Nucleoli,CTGAN
1781,0.06531221889611273,Mitoses,CTGAN
1782,1.110858817406503,Clump Thickness,Original
1783,1.7611139044930786,Uniformity of Cell Size,Original
1784,1.8272074421904894,Uniformity of Cell Shape,Original
1785,0.8859237583393722,Marginal Adhesion,Original
1786,0.7867816351577934,Single Epithelial Cell Size,Original
1787,1.8963056173809565,Bare Nuclei,Original
1788,1.2697777025920516,Bland Chromatin,Original
1789,0.9066830821403536,Normal Nucleoli,Original
1790,0.1931039674182034,Mitoses,Original
1791,3.0547411749794366,Clump Thickness,CTGAN
1792,1.4587198943400974,Uniformity of Cell Size,CTGAN
1793,1.2645777320057356,Uniformity of Cell Shape,CTGAN
1794,0.5194790417220693,Marginal Adhesion,CTGAN
1795,0.9093520018210577,Single Epithelial Cell Size,CTGAN
1796,3.432266979102706,Bare Nuclei,CTGAN
1797,0.6985210356567945,Bland Chromatin,CTGAN
1798,0.8851773757335841,Normal Nucleoli,CTGAN
1799,0.051522978981806564,Mitoses,CTGAN
