F-score,feature,type
0.992456262482657,Clump Thickness,Original
2.0784080573443307,Uniformity of Cell Size,Original
1.9161834830915643,Uniformity of Cell Shape,Original
0.8405709971080896,Marginal Adhesion,Original
0.8361896815995288,Single Epithelial Cell Size,Original
1.8534793342968627,Bare Nuclei,Original
1.4604366291375561,Bland Chromatin,Original
0.8574321779120675,Normal Nucleoli,Original
0.17876028808048602,Mitoses,Original
1.0298661982395405,Clump Thickness,Avatar
2.0788042067765877,Uniformity of Cell Size,Avatar
1.9919363127946723,Uniformity of Cell Shape,Avatar
0.7129941411449968,Marginal Adhesion,Avatar
0.9483874192342199,Single Epithelial Cell Size,Avatar
2.1557965715191503,Bare Nuclei,Avatar
1.5356332182467016,Bland Chromatin,Avatar
0.9679592579568371,Normal Nucleoli,Avatar
0.1532301754230699,Mitoses,Avatar
1.130239008229054,Clump Thickness,Original
1.9006181014849823,Uniformity of Cell Size,Original
1.9056602839622891,Uniformity of Cell Shape,Original
0.8513566406946858,Marginal Adhesion,Original
0.8396151715778841,Single Epithelial Cell Size,Original
2.0107803102684763,Bare Nuclei,Original
1.1860808241549463,Bland Chromatin,Original
0.9422385961878738,Normal Nucleoli,Original
0.18405359997427367,Mitoses,Original
0.9836842984713478,Clump Thickness,Avatar
2.1683631613456567,Uniformity of Cell Size,Avatar
2.1944069135740745,Uniformity of Cell Shape,Avatar
0.7564973456022296,Marginal Adhesion,Avatar
0.9797745343445201,Single Epithelial Cell Size,Avatar
2.238110905367788,Bare Nuclei,Avatar
1.5099676341884798,Bland Chromatin,Avatar
1.0275165271202298,Normal Nucleoli,Avatar
0.1619460655176745,Mitoses,Avatar
1.0640953799034032,Clump Thickness,Original
1.99847241254104,Uniformity of Cell Size,Original
2.0634224725901054,Uniformity of Cell Shape,Original
0.8603887911322903,Marginal Adhesion,Original
0.9100956560455821,Single Epithelial Cell Size,Original
2.0030490138665042,Bare Nuclei,Original
1.3600823007051532,Bland Chromatin,Original
0.9750738588620096,Normal Nucleoli,Original
0.1744359206950663,Mitoses,Original
1.32586720584677,Clump Thickness,Avatar
2.009893572210017,Uniformity of Cell Size,Avatar
2.151930878809691,Uniformity of Cell Shape,Avatar
0.7707250686020672,Marginal Adhesion,Avatar
0.9537744491167706,Single Epithelial Cell Size,Avatar
2.097340934489465,Bare Nuclei,Avatar
1.449077667264508,Bland Chromatin,Avatar
1.029537751758517,Normal Nucleoli,Avatar
0.16669019061900128,Mitoses,Avatar
1.1481119060296787,Clump Thickness,Original
1.9412915821702756,Uniformity of Cell Size,Original
1.8481082462455045,Uniformity of Cell Shape,Original
0.8685965407282167,Marginal Adhesion,Original
0.7837239028922267,Single Epithelial Cell Size,Original
1.8172144492687627,Bare Nuclei,Original
1.309516756412059,Bland Chromatin,Original
0.9380778342771267,Normal Nucleoli,Original
0.17255273818778133,Mitoses,Original
0.9877797278385071,Clump Thickness,Avatar
1.9425989542097908,Uniformity of Cell Size,Avatar
2.1326501294908957,Uniformity of Cell Shape,Avatar
0.8050005021930786,Marginal Adhesion,Avatar
0.9901878322760128,Single Epithelial Cell Size,Avatar
2.1744733063814246,Bare Nuclei,Avatar
1.4110449680850028,Bland Chromatin,Avatar
0.8974052237382341,Normal Nucleoli,Avatar
0.18420202287636472,Mitoses,Avatar
1.1355538163324348,Clump Thickness,Original
2.043769768784384,Uniformity of Cell Size,Original
1.9345511348230198,Uniformity of Cell Shape,Original
0.9312689016426611,Marginal Adhesion,Original
0.9329781423816131,Single Epithelial Cell Size,Original
2.01050510194185,Bare Nuclei,Original
1.331694686928655,Bland Chromatin,Original
1.024388117926912,Normal Nucleoli,Original
0.22145381152606644,Mitoses,Original
1.0444200331512847,Clump Thickness,Avatar
2.5468078616596608,Uniformity of Cell Size,Avatar
2.4871536734708664,Uniformity of Cell Shape,Avatar
0.9876001733857501,Marginal Adhesion,Avatar
1.1413505204457903,Single Epithelial Cell Size,Avatar
2.207771063302636,Bare Nuclei,Avatar
1.637319422016613,Bland Chromatin,Avatar
1.1021608713252153,Normal Nucleoli,Avatar
0.1797389861220378,Mitoses,Avatar
1.09840071130604,Clump Thickness,Original
1.8611669065537513,Uniformity of Cell Size,Original
1.9153260000450172,Uniformity of Cell Shape,Original
0.8068436548206513,Marginal Adhesion,Original
0.795522958880717,Single Epithelial Cell Size,Original
2.144639558010173,Bare Nuclei,Original
1.3207560853201292,Bland Chromatin,Original
0.8190747088442144,Normal Nucleoli,Original
0.17005519360596327,Mitoses,Original
1.0354903956418187,Clump Thickness,Avatar
1.9663311159632793,Uniformity of Cell Size,Avatar
2.022601287382413,Uniformity of Cell Shape,Avatar
0.7489340206190396,Marginal Adhesion,Avatar
1.0060676601014091,Single Epithelial Cell Size,Avatar
2.0343481625667903,Bare Nuclei,Avatar
1.419946143788908,Bland Chromatin,Avatar
0.9298353775716355,Normal Nucleoli,Avatar
0.14349870694456626,Mitoses,Avatar
1.154931325022255,Clump Thickness,Original
1.9401341387118922,Uniformity of Cell Size,Original
1.9786279802956954,Uniformity of Cell Shape,Original
0.9231430243054727,Marginal Adhesion,Original
0.8594748565974374,Single Epithelial Cell Size,Original
2.072233653565386,Bare Nuclei,Original
1.5343899470125448,Bland Chromatin,Original
1.007164263230203,Normal Nucleoli,Original
0.17696166539082211,Mitoses,Original
1.1627980764316868,Clump Thickness,Avatar
2.4773718192663754,Uniformity of Cell Size,Avatar
2.366652997536209,Uniformity of Cell Shape,Avatar
0.8088682128426754,Marginal Adhesion,Avatar
1.0224034502957668,Single Epithelial Cell Size,Avatar
2.2234412436015982,Bare Nuclei,Avatar
1.7196446924998754,Bland Chromatin,Avatar
1.1994571927254207,Normal Nucleoli,Avatar
0.1749217822694656,Mitoses,Avatar
1.219154396085224,Clump Thickness,Original
1.9247723260007812,Uniformity of Cell Size,Original
1.8747524061320833,Uniformity of Cell Shape,Original
0.8975322167797098,Marginal Adhesion,Original
0.85205721736522,Single Epithelial Cell Size,Original
1.8424273580420363,Bare Nuclei,Original
1.3435485476935216,Bland Chromatin,Original
0.9502056656995715,Normal Nucleoli,Original
0.17732653901707152,Mitoses,Original
1.051841947173364,Clump Thickness,Avatar
2.3271280662118357,Uniformity of Cell Size,Avatar
2.2683687660672853,Uniformity of Cell Shape,Avatar
0.7103626995113013,Marginal Adhesion,Avatar
1.0532504073072464,Single Epithelial Cell Size,Avatar
1.9549905453829504,Bare Nuclei,Avatar
1.6975966517233552,Bland Chromatin,Avatar
1.1102016603113494,Normal Nucleoli,Avatar
0.16957485649394868,Mitoses,Avatar
1.0402505590038322,Clump Thickness,Original
1.716687050878031,Uniformity of Cell Size,Original
1.839511927065627,Uniformity of Cell Shape,Original
0.7745229829410232,Marginal Adhesion,Original
0.7655415078440287,Single Epithelial Cell Size,Original
1.9292146518882989,Bare Nuclei,Original
1.1449562451950097,Bland Chromatin,Original
0.8420095962587,Normal Nucleoli,Original
0.16902773061595483,Mitoses,Original
0.9878313034474623,Clump Thickness,Avatar
2.0173647072158447,Uniformity of Cell Size,Avatar
2.26573945403506,Uniformity of Cell Shape,Avatar
0.7435611675348843,Marginal Adhesion,Avatar
0.940726695621361,Single Epithelial Cell Size,Avatar
1.923913298449816,Bare Nuclei,Avatar
1.3200123375355968,Bland Chromatin,Avatar
0.9499355633100628,Normal Nucleoli,Avatar
0.17114646561307476,Mitoses,Avatar
1.1003999624353902,Clump Thickness,Original
1.8760146309831227,Uniformity of Cell Size,Original
1.8700256656227565,Uniformity of Cell Shape,Original
0.8783440467159237,Marginal Adhesion,Original
0.8390587813613459,Single Epithelial Cell Size,Original
2.1118215699274527,Bare Nuclei,Original
1.1644907816154464,Bland Chromatin,Original
0.9005067020890342,Normal Nucleoli,Original
0.18345319503844973,Mitoses,Original
1.0674081872351304,Clump Thickness,Avatar
2.0545217067290964,Uniformity of Cell Size,Avatar
2.320065384933919,Uniformity of Cell Shape,Avatar
0.8743605850094567,Marginal Adhesion,Avatar
0.9795620015523697,Single Epithelial Cell Size,Avatar
2.05684242223901,Bare Nuclei,Avatar
1.4120279397690634,Bland Chromatin,Avatar
0.9519792992009127,Normal Nucleoli,Avatar
0.16489432037479848,Mitoses,Avatar
1.0461585839814302,Clump Thickness,Original
1.949391990688344,Uniformity of Cell Size,Original
1.9928887105964777,Uniformity of Cell Shape,Original
0.8153886305296991,Marginal Adhesion,Original
0.8523663929411667,Single Epithelial Cell Size,Original
1.652390299496368,Bare Nuclei,Original
1.1982704485736209,Bland Chromatin,Original
0.9275415057009813,Normal Nucleoli,Original
0.21064223081410735,Mitoses,Original
1.1050552625932664,Clump Thickness,Avatar
2.233244198045103,Uniformity of Cell Size,Avatar
2.1125744758414813,Uniformity of Cell Shape,Avatar
0.8048179361956375,Marginal Adhesion,Avatar
0.9909226785001667,Single Epithelial Cell Size,Avatar
1.9977471458340748,Bare Nuclei,Avatar
1.3213177992232732,Bland Chromatin,Avatar
1.1791309963166376,Normal Nucleoli,Avatar
0.14612625028008305,Mitoses,Avatar
0.9916888946687222,Clump Thickness,Original
1.7818878606617383,Uniformity of Cell Size,Original
1.9204353903698526,Uniformity of Cell Shape,Original
0.8331775198616646,Marginal Adhesion,Original
0.9164792342075209,Single Epithelial Cell Size,Original
2.0055379990225726,Bare Nuclei,Original
1.3428908727032378,Bland Chromatin,Original
1.029336072920116,Normal Nucleoli,Original
0.18957786812896193,Mitoses,Original
1.121897801986359,Clump Thickness,Avatar
2.2170734709849023,Uniformity of Cell Size,Avatar
2.269597208804149,Uniformity of Cell Shape,Avatar
0.8031093661629779,Marginal Adhesion,Avatar
1.0337304664269535,Single Epithelial Cell Size,Avatar
1.944690257762146,Bare Nuclei,Avatar
1.6007445858422713,Bland Chromatin,Avatar
1.0279500602467069,Normal Nucleoli,Avatar
0.1581923596833482,Mitoses,Avatar
1.0409680735036368,Clump Thickness,Original
1.8467051728560595,Uniformity of Cell Size,Original
1.8987186812334693,Uniformity of Cell Shape,Original
1.01132507769534,Marginal Adhesion,Original
0.954660187756635,Single Epithelial Cell Size,Original
2.0608444861530897,Bare Nuclei,Original
1.2545486614994568,Bland Chromatin,Original
0.9454708353656696,Normal Nucleoli,Original
0.20966615405605227,Mitoses,Original
1.0904403349065972,Clump Thickness,Avatar
2.37416555904116,Uniformity of Cell Size,Avatar
2.2461029737750566,Uniformity of Cell Shape,Avatar
0.8343986138057523,Marginal Adhesion,Avatar
1.0081739226563995,Single Epithelial Cell Size,Avatar
1.9921479475920774,Bare Nuclei,Avatar
1.4670102249321626,Bland Chromatin,Avatar
1.054266308701303,Normal Nucleoli,Avatar
0.1572682579334163,Mitoses,Avatar
1.0433367210512006,Clump Thickness,Original
1.9066166351975424,Uniformity of Cell Size,Original
2.0820820206372512,Uniformity of Cell Shape,Original
0.9089393449700632,Marginal Adhesion,Original
0.8152385014551516,Single Epithelial Cell Size,Original
2.0528312533212394,Bare Nuclei,Original
1.127003715688819,Bland Chromatin,Original
0.8742880441279905,Normal Nucleoli,Original
0.18316110520267886,Mitoses,Original
1.126526240861185,Clump Thickness,Avatar
2.0585206040663224,Uniformity of Cell Size,Avatar
2.126366151884839,Uniformity of Cell Shape,Avatar
0.8074176528729268,Marginal Adhesion,Avatar
0.9234810018372754,Single Epithelial Cell Size,Avatar
2.1082423935521635,Bare Nuclei,Avatar
1.397888889628362,Bland Chromatin,Avatar
0.9893694837476746,Normal Nucleoli,Avatar
0.16705112003961392,Mitoses,Avatar
1.0942785886858706,Clump Thickness,Original
2.006347987570545,Uniformity of Cell Size,Original
1.942235501332675,Uniformity of Cell Shape,Original
0.9699104243463235,Marginal Adhesion,Original
0.8155878912385195,Single Epithelial Cell Size,Original
2.2213749515433356,Bare Nuclei,Original
1.3595326533056595,Bland Chromatin,Original
0.8119288717773239,Normal Nucleoli,Original
0.228822741882058,Mitoses,Original
1.0607106331808052,Clump Thickness,Avatar
2.1752181830404593,Uniformity of Cell Size,Avatar
1.992624967052237,Uniformity of Cell Shape,Avatar
0.8411524929059361,Marginal Adhesion,Avatar
1.054743783180709,Single Epithelial Cell Size,Avatar
1.926561559415927,Bare Nuclei,Avatar
1.6899053264368797,Bland Chromatin,Avatar
1.0796823838528702,Normal Nucleoli,Avatar
0.16897668274104438,Mitoses,Avatar
1.0190039825955368,Clump Thickness,Original
1.8531058454279101,Uniformity of Cell Size,Original
2.0123966123866293,Uniformity of Cell Shape,Original
1.0587978425754652,Marginal Adhesion,Original
0.8313503638502716,Single Epithelial Cell Size,Original
2.2461918234568183,Bare Nuclei,Original
1.3134267111624756,Bland Chromatin,Original
0.8707716228496598,Normal Nucleoli,Original
0.1704208079047629,Mitoses,Original
1.13613768512341,Clump Thickness,Avatar
2.0232898160908794,Uniformity of Cell Size,Avatar
2.107767436989666,Uniformity of Cell Shape,Avatar
0.9550437643832763,Marginal Adhesion,Avatar
0.9033153994928694,Single Epithelial Cell Size,Avatar
1.9131325650886157,Bare Nuclei,Avatar
1.462121905310927,Bland Chromatin,Avatar
0.9007043619452308,Normal Nucleoli,Avatar
0.16425512226239036,Mitoses,Avatar
1.2349302205721997,Clump Thickness,Original
1.8005610653879494,Uniformity of Cell Size,Original
1.888978183545942,Uniformity of Cell Shape,Original
0.9190274419764485,Marginal Adhesion,Original
0.8897088016612638,Single Epithelial Cell Size,Original
1.829510076617586,Bare Nuclei,Original
1.4081526599877179,Bland Chromatin,Original
1.0483328096024078,Normal Nucleoli,Original
0.191044301177402,Mitoses,Original
1.1481726826748142,Clump Thickness,Avatar
2.171102409790682,Uniformity of Cell Size,Avatar
2.242502136502555,Uniformity of Cell Shape,Avatar
0.9947722835838166,Marginal Adhesion,Avatar
0.9765500766562087,Single Epithelial Cell Size,Avatar
2.070373285526166,Bare Nuclei,Avatar
1.5461650833833152,Bland Chromatin,Avatar
1.0184410613057764,Normal Nucleoli,Avatar
0.19540283684228701,Mitoses,Avatar
1.1959647145552499,Clump Thickness,Original
2.053110841547364,Uniformity of Cell Size,Original
1.9830636747543469,Uniformity of Cell Shape,Original
0.98490193482303,Marginal Adhesion,Original
0.8521763328843076,Single Epithelial Cell Size,Original
1.862387577604283,Bare Nuclei,Original
1.626830637108714,Bland Chromatin,Original
1.0487231860253599,Normal Nucleoli,Original
0.2117481534532472,Mitoses,Original
1.1748392573260955,Clump Thickness,Avatar
2.206401385832078,Uniformity of Cell Size,Avatar
2.2699789313528833,Uniformity of Cell Shape,Avatar
0.8147007450259064,Marginal Adhesion,Avatar
1.073062387567068,Single Epithelial Cell Size,Avatar
2.12118279670963,Bare Nuclei,Avatar
1.713203858587676,Bland Chromatin,Avatar
1.0283815179381912,Normal Nucleoli,Avatar
0.18175392285656938,Mitoses,Avatar
1.057878657489222,Clump Thickness,Original
1.8914045779463318,Uniformity of Cell Size,Original
1.9110638301220877,Uniformity of Cell Shape,Original
0.9269403041865838,Marginal Adhesion,Original
0.8294945431180238,Single Epithelial Cell Size,Original
1.9585249126176232,Bare Nuclei,Original
1.194535012062255,Bland Chromatin,Original
0.8915196097077065,Normal Nucleoli,Original
0.17084185464524818,Mitoses,Original
0.9920160836838716,Clump Thickness,Avatar
2.2533965494844654,Uniformity of Cell Size,Avatar
2.118090065721465,Uniformity of Cell Shape,Avatar
0.7643833688217272,Marginal Adhesion,Avatar
0.9213268438619209,Single Epithelial Cell Size,Avatar
2.018130434862229,Bare Nuclei,Avatar
1.5389832804450498,Bland Chromatin,Avatar
0.983621037697687,Normal Nucleoli,Avatar
0.15535643886624317,Mitoses,Avatar
1.0227511244880385,Clump Thickness,Original
2.142616542135454,Uniformity of Cell Size,Original
2.1124698638237542,Uniformity of Cell Shape,Original
1.0604321390155487,Marginal Adhesion,Original
0.9339536695771739,Single Epithelial Cell Size,Original
2.0615575340067545,Bare Nuclei,Original
1.1865130033007039,Bland Chromatin,Original
0.9622168995350521,Normal Nucleoli,Original
0.18831942523112025,Mitoses,Original
1.0768836600679592,Clump Thickness,Avatar
2.2069423918827753,Uniformity of Cell Size,Avatar
2.1235012665031814,Uniformity of Cell Shape,Avatar
0.8228194648010612,Marginal Adhesion,Avatar
1.0180733657018377,Single Epithelial Cell Size,Avatar
2.0325817503146784,Bare Nuclei,Avatar
1.6031513605112309,Bland Chromatin,Avatar
0.9806162207833811,Normal Nucleoli,Avatar
0.16824441871109685,Mitoses,Avatar
0.988584619847561,Clump Thickness,Original
1.722956318561291,Uniformity of Cell Size,Original
1.85634789301183,Uniformity of Cell Shape,Original
0.7998683628965166,Marginal Adhesion,Original
0.7588339548700844,Single Epithelial Cell Size,Original
1.9131718560563653,Bare Nuclei,Original
1.170388433038423,Bland Chromatin,Original
0.8378202392011996,Normal Nucleoli,Original
0.18072812534757904,Mitoses,Original
1.155221173719549,Clump Thickness,Avatar
1.9188504997672367,Uniformity of Cell Size,Avatar
2.261485750439282,Uniformity of Cell Shape,Avatar
0.7592099769668921,Marginal Adhesion,Avatar
0.9409534848626794,Single Epithelial Cell Size,Avatar
2.067882651962107,Bare Nuclei,Avatar
1.4870264220302545,Bland Chromatin,Avatar
0.9871534377721679,Normal Nucleoli,Avatar
0.15000605213820464,Mitoses,Avatar
1.0230366059521132,Clump Thickness,Original
2.0081907117865327,Uniformity of Cell Size,Original
2.1093241867984265,Uniformity of Cell Shape,Original
0.839327858841863,Marginal Adhesion,Original
0.959869293789683,Single Epithelial Cell Size,Original
2.1842291791229944,Bare Nuclei,Original
1.347821483978636,Bland Chromatin,Original
1.0381306063280369,Normal Nucleoli,Original
0.1842482908887287,Mitoses,Original
1.000298132265955,Clump Thickness,Avatar
2.1462742777367914,Uniformity of Cell Size,Avatar
2.2835604831022813,Uniformity of Cell Shape,Avatar
0.8186721186575104,Marginal Adhesion,Avatar
1.13047993334605,Single Epithelial Cell Size,Avatar
2.0922598196146454,Bare Nuclei,Avatar
1.5191183673427786,Bland Chromatin,Avatar
1.0924544059473893,Normal Nucleoli,Avatar
0.16324916181315605,Mitoses,Avatar
1.0552925148843821,Clump Thickness,Original
1.670550936835778,Uniformity of Cell Size,Original
1.7640156449999438,Uniformity of Cell Shape,Original
0.824639914665995,Marginal Adhesion,Original
0.7334316954468906,Single Epithelial Cell Size,Original
2.093378153595188,Bare Nuclei,Original
1.2198018029952917,Bland Chromatin,Original
0.8655590029891934,Normal Nucleoli,Original
0.188529149505111,Mitoses,Original
1.0574383098964544,Clump Thickness,Avatar
1.9806144969844126,Uniformity of Cell Size,Avatar
2.115602092757704,Uniformity of Cell Shape,Avatar
0.7229457345667235,Marginal Adhesion,Avatar
0.9575395782933933,Single Epithelial Cell Size,Avatar
1.905244009501073,Bare Nuclei,Avatar
1.2326968150227013,Bland Chromatin,Avatar
0.8844762604399898,Normal Nucleoli,Avatar
0.1567890659228681,Mitoses,Avatar
1.0812664389307367,Clump Thickness,Original
1.9685373626841076,Uniformity of Cell Size,Original
2.0733071963174257,Uniformity of Cell Shape,Original
0.9714426249830828,Marginal Adhesion,Original
0.9114549122036997,Single Epithelial Cell Size,Original
1.9856598796015594,Bare Nuclei,Original
1.333337140132302,Bland Chromatin,Original
0.9851874492028915,Normal Nucleoli,Original
0.19361270985174125,Mitoses,Original
1.1922939079316506,Clump Thickness,Avatar
2.324606877071951,Uniformity of Cell Size,Avatar
2.313521838710496,Uniformity of Cell Shape,Avatar
0.7520844945335531,Marginal Adhesion,Avatar
1.1360648616645284,Single Epithelial Cell Size,Avatar
2.0982929522086353,Bare Nuclei,Avatar
1.459209686667101,Bland Chromatin,Avatar
1.0512628642349264,Normal Nucleoli,Avatar
0.1738498536113048,Mitoses,Avatar
1.299099866015387,Clump Thickness,Original
1.7631699454157443,Uniformity of Cell Size,Original
1.949128770179767,Uniformity of Cell Shape,Original
0.8561825895544902,Marginal Adhesion,Original
0.7865152391628473,Single Epithelial Cell Size,Original
1.9759911441278737,Bare Nuclei,Original
1.3045781516844164,Bland Chromatin,Original
0.9178414774094359,Normal Nucleoli,Original
0.17658580852919967,Mitoses,Original
1.095654742146803,Clump Thickness,Avatar
1.8790592706552842,Uniformity of Cell Size,Avatar
2.271581758141665,Uniformity of Cell Shape,Avatar
0.8438834889559885,Marginal Adhesion,Avatar
0.9971814161440042,Single Epithelial Cell Size,Avatar
2.1261413057301177,Bare Nuclei,Avatar
1.3886003424301645,Bland Chromatin,Avatar
0.9278130472327574,Normal Nucleoli,Avatar
0.15151287712198683,Mitoses,Avatar
0.9805227293819044,Clump Thickness,Original
1.777665275924532,Uniformity of Cell Size,Original
1.7957880845894916,Uniformity of Cell Shape,Original
0.7784563487988087,Marginal Adhesion,Original
0.8488139079939392,Single Epithelial Cell Size,Original
2.0064910299012495,Bare Nuclei,Original
1.3296903059484533,Bland Chromatin,Original
0.9173140630812805,Normal Nucleoli,Original
0.19593005660176327,Mitoses,Original
1.0240286223179547,Clump Thickness,Avatar
1.9229094089014023,Uniformity of Cell Size,Avatar
1.8781906071515095,Uniformity of Cell Shape,Avatar
0.6986712337325361,Marginal Adhesion,Avatar
0.97432413841379,Single Epithelial Cell Size,Avatar
2.140700037102325,Bare Nuclei,Avatar
1.3850763757530284,Bland Chromatin,Avatar
0.9345232013386833,Normal Nucleoli,Avatar
0.14332162220584826,Mitoses,Avatar
1.204579990362638,Clump Thickness,Original
1.9043277899746638,Uniformity of Cell Size,Original
1.9132563812077379,Uniformity of Cell Shape,Original
0.8759336033229502,Marginal Adhesion,Original
0.8559026941262211,Single Epithelial Cell Size,Original
1.9456439725946229,Bare Nuclei,Original
1.2524894060778977,Bland Chromatin,Original
0.9319821176146497,Normal Nucleoli,Original
0.2111384426517135,Mitoses,Original
1.2417638341622486,Clump Thickness,Avatar
2.1751252609752525,Uniformity of Cell Size,Avatar
2.22828381838568,Uniformity of Cell Shape,Avatar
0.8115745901405274,Marginal Adhesion,Avatar
1.0774558728603105,Single Epithelial Cell Size,Avatar
2.089861889066411,Bare Nuclei,Avatar
1.444748562905136,Bland Chromatin,Avatar
1.0179981466693384,Normal Nucleoli,Avatar
0.16350241986512956,Mitoses,Avatar
1.201917749227911,Clump Thickness,Original
1.9316755062411142,Uniformity of Cell Size,Original
1.9925757752558118,Uniformity of Cell Shape,Original
0.992771040523497,Marginal Adhesion,Original
0.8583638568612969,Single Epithelial Cell Size,Original
1.9741430927737162,Bare Nuclei,Original
1.2635036916198947,Bland Chromatin,Original
0.9640804033789101,Normal Nucleoli,Original
0.19326681925205624,Mitoses,Original
1.1620830269563358,Clump Thickness,Avatar
2.0532606325101446,Uniformity of Cell Size,Avatar
2.1177565087830317,Uniformity of Cell Shape,Avatar
0.8947391867194079,Marginal Adhesion,Avatar
1.0240056925334644,Single Epithelial Cell Size,Avatar
2.0305599830950807,Bare Nuclei,Avatar
1.432923765513835,Bland Chromatin,Avatar
1.0167916132884025,Normal Nucleoli,Avatar
0.15322103839386464,Mitoses,Avatar
1.2273210080220096,Clump Thickness,Original
1.8329745995703879,Uniformity of Cell Size,Original
2.0531661890270296,Uniformity of Cell Shape,Original
0.787616817498629,Marginal Adhesion,Original
0.7589863936735659,Single Epithelial Cell Size,Original
2.132841083395279,Bare Nuclei,Original
1.341594582863846,Bland Chromatin,Original
0.965414451400706,Normal Nucleoli,Original
0.17730139633110462,Mitoses,Original
1.0538482959518012,Clump Thickness,Avatar
1.9185632684845828,Uniformity of Cell Size,Avatar
2.2440768954753074,Uniformity of Cell Shape,Avatar
0.7921250692153143,Marginal Adhesion,Avatar
0.9834297316671359,Single Epithelial Cell Size,Avatar
2.1583525819946034,Bare Nuclei,Avatar
1.4191870562506321,Bland Chromatin,Avatar
1.0269063353409256,Normal Nucleoli,Avatar
0.167493707666854,Mitoses,Avatar
1.0354613541230624,Clump Thickness,Original
2.1178317104701554,Uniformity of Cell Size,Original
2.1106274724568124,Uniformity of Cell Shape,Original
0.94741228458055,Marginal Adhesion,Original
0.8701351019510003,Single Epithelial Cell Size,Original
1.784569262046791,Bare Nuclei,Original
1.318477658248715,Bland Chromatin,Original
1.0234512447383983,Normal Nucleoli,Original
0.19265972105599719,Mitoses,Original
1.1435197865457853,Clump Thickness,Avatar
2.289948488816928,Uniformity of Cell Size,Avatar
2.0708648600901816,Uniformity of Cell Shape,Avatar
0.7822911870663399,Marginal Adhesion,Avatar
1.0627541228014965,Single Epithelial Cell Size,Avatar
2.050998794772172,Bare Nuclei,Avatar
1.4511027019815588,Bland Chromatin,Avatar
1.0061094650175617,Normal Nucleoli,Avatar
0.16310481837603624,Mitoses,Avatar
1.0640821134044098,Clump Thickness,Original
1.7380570484004327,Uniformity of Cell Size,Original
1.9466452381995882,Uniformity of Cell Shape,Original
0.946303787670187,Marginal Adhesion,Original
0.8257622363179515,Single Epithelial Cell Size,Original
1.9727667243744518,Bare Nuclei,Original
1.2452660064959182,Bland Chromatin,Original
0.9847135061759278,Normal Nucleoli,Original
0.19785204061574366,Mitoses,Original
0.9914050689714654,Clump Thickness,Avatar
2.123689826833975,Uniformity of Cell Size,Avatar
2.10236689906732,Uniformity of Cell Shape,Avatar
0.8463056162786066,Marginal Adhesion,Avatar
1.0722720244442057,Single Epithelial Cell Size,Avatar
2.1298912404451613,Bare Nuclei,Avatar
1.5912779180406813,Bland Chromatin,Avatar
1.0950708388016481,Normal Nucleoli,Avatar
0.14171082856446104,Mitoses,Avatar
1.1395704829840072,Clump Thickness,Original
2.0308816107099394,Uniformity of Cell Size,Original
2.060675065051852,Uniformity of Cell Shape,Original
0.9355130230830712,Marginal Adhesion,Original
0.8893388733396802,Single Epithelial Cell Size,Original
2.1533901095844326,Bare Nuclei,Original
1.3550863884302793,Bland Chromatin,Original
1.0168739763612906,Normal Nucleoli,Original
0.15731567318387474,Mitoses,Original
1.1649779918024805,Clump Thickness,Avatar
2.2771562713076556,Uniformity of Cell Size,Avatar
2.1108465429246026,Uniformity of Cell Shape,Avatar
0.7871483777027646,Marginal Adhesion,Avatar
0.9605079009032679,Single Epithelial Cell Size,Avatar
2.712708226958101,Bare Nuclei,Avatar
1.5790953034762079,Bland Chromatin,Avatar
0.9986893262791933,Normal Nucleoli,Avatar
0.16680869696606035,Mitoses,Avatar
1.208563230618581,Clump Thickness,Original
1.8766467585317725,Uniformity of Cell Size,Original
1.872353717868249,Uniformity of Cell Shape,Original
0.9104654079995346,Marginal Adhesion,Original
0.8122657019275087,Single Epithelial Cell Size,Original
1.6891723777703604,Bare Nuclei,Original
1.224405883616571,Bland Chromatin,Original
0.9733566383139665,Normal Nucleoli,Original
0.1903090302488336,Mitoses,Original
1.1764443571772452,Clump Thickness,Avatar
1.9414442477888612,Uniformity of Cell Size,Avatar
2.278446703770148,Uniformity of Cell Shape,Avatar
0.7959138816256528,Marginal Adhesion,Avatar
1.010309705881913,Single Epithelial Cell Size,Avatar
2.0269740691204676,Bare Nuclei,Avatar
1.346208999314642,Bland Chromatin,Avatar
1.004542186082511,Normal Nucleoli,Avatar
0.16497734753243523,Mitoses,Avatar
1.1960150267006187,Clump Thickness,Original
1.8082502117681585,Uniformity of Cell Size,Original
1.9575940895163533,Uniformity of Cell Shape,Original
0.8304969422680339,Marginal Adhesion,Original
0.7894879662675653,Single Epithelial Cell Size,Original
1.7453148468701922,Bare Nuclei,Original
1.2045803383352744,Bland Chromatin,Original
0.8804581083190128,Normal Nucleoli,Original
0.20654453506682238,Mitoses,Original
1.2024929719274466,Clump Thickness,Avatar
2.00088664639486,Uniformity of Cell Size,Avatar
2.250768024434877,Uniformity of Cell Shape,Avatar
0.8610931518531478,Marginal Adhesion,Avatar
1.0060412349309942,Single Epithelial Cell Size,Avatar
2.168698899073554,Bare Nuclei,Avatar
1.333950082028812,Bland Chromatin,Avatar
0.8209825498864433,Normal Nucleoli,Avatar
0.16226488836766387,Mitoses,Avatar
1.131469282507357,Clump Thickness,Original
1.8680332163261295,Uniformity of Cell Size,Original
1.850151965841284,Uniformity of Cell Shape,Original
0.8729451885318974,Marginal Adhesion,Original
0.8464186925444906,Single Epithelial Cell Size,Original
2.0986278847954223,Bare Nuclei,Original
1.3243955353937176,Bland Chromatin,Original
0.8923534589022558,Normal Nucleoli,Original
0.18215615084503647,Mitoses,Original
1.1601306440659935,Clump Thickness,Avatar
2.322210114265702,Uniformity of Cell Size,Avatar
2.2646521076797965,Uniformity of Cell Shape,Avatar
0.7317698673309191,Marginal Adhesion,Avatar
1.1911505285819006,Single Epithelial Cell Size,Avatar
2.142675200412957,Bare Nuclei,Avatar
1.5613039885400013,Bland Chromatin,Avatar
1.1196321138683198,Normal Nucleoli,Avatar
0.1548021202709389,Mitoses,Avatar
1.0195899938059336,Clump Thickness,Original
1.745233315401162,Uniformity of Cell Size,Original
1.856927803500155,Uniformity of Cell Shape,Original
1.0189398891825032,Marginal Adhesion,Original
0.7537855977774204,Single Epithelial Cell Size,Original
2.053538805355553,Bare Nuclei,Original
1.4676706414402287,Bland Chromatin,Original
0.9900468738246709,Normal Nucleoli,Original
0.19217091635655012,Mitoses,Original
0.9998540409878686,Clump Thickness,Avatar
2.099859085443347,Uniformity of Cell Size,Avatar
2.208719104660228,Uniformity of Cell Shape,Avatar
0.7983024573067584,Marginal Adhesion,Avatar
1.0023766552320965,Single Epithelial Cell Size,Avatar
2.35117725866039,Bare Nuclei,Avatar
1.3866205473553286,Bland Chromatin,Avatar
0.964099067738391,Normal Nucleoli,Avatar
0.16467184568811344,Mitoses,Avatar
1.0740590624525648,Clump Thickness,Original
1.9485020766836383,Uniformity of Cell Size,Original
1.9692969956499333,Uniformity of Cell Shape,Original
0.8590906440531335,Marginal Adhesion,Original
0.7949510070832367,Single Epithelial Cell Size,Original
2.0024016447079207,Bare Nuclei,Original
1.3635954394836693,Bland Chromatin,Original
0.9724505580967975,Normal Nucleoli,Original
0.17867638710587366,Mitoses,Original
1.0625807929865523,Clump Thickness,Avatar
2.0980263815881477,Uniformity of Cell Size,Avatar
2.1889084090589415,Uniformity of Cell Shape,Avatar
0.8209173989133031,Marginal Adhesion,Avatar
0.9847831328449121,Single Epithelial Cell Size,Avatar
1.97140092061514,Bare Nuclei,Avatar
1.5746859897325243,Bland Chromatin,Avatar
0.888778915531136,Normal Nucleoli,Avatar
0.15563399664627092,Mitoses,Avatar
1.0795935567235606,Clump Thickness,Original
1.9345949648034815,Uniformity of Cell Size,Original
1.794931737566818,Uniformity of Cell Shape,Original
0.9156458165237213,Marginal Adhesion,Original
0.8580627412079059,Single Epithelial Cell Size,Original
1.818325577183131,Bare Nuclei,Original
1.4809814949429678,Bland Chromatin,Original
0.9300441815163826,Normal Nucleoli,Original
0.19954834882448702,Mitoses,Original
1.0726712841599144,Clump Thickness,Avatar
2.021576679425074,Uniformity of Cell Size,Avatar
2.0873581586626986,Uniformity of Cell Shape,Avatar
0.8673966244881061,Marginal Adhesion,Avatar
1.1286703001711311,Single Epithelial Cell Size,Avatar
2.093889516948518,Bare Nuclei,Avatar
1.4583563742184895,Bland Chromatin,Avatar
1.0747726097539627,Normal Nucleoli,Avatar
0.15072794146197158,Mitoses,Avatar
1.1529891342505676,Clump Thickness,Original
1.7838875734821684,Uniformity of Cell Size,Original
1.8049496442320305,Uniformity of Cell Shape,Original
0.8895278389590202,Marginal Adhesion,Original
0.753477619266844,Single Epithelial Cell Size,Original
2.088350669760272,Bare Nuclei,Original
1.1674058129576985,Bland Chromatin,Original
0.9124772347799278,Normal Nucleoli,Original
0.1910785148900855,Mitoses,Original
1.08506165486738,Clump Thickness,Avatar
2.0493343837805575,Uniformity of Cell Size,Avatar
2.0639612237858747,Uniformity of Cell Shape,Avatar
0.7186239942377523,Marginal Adhesion,Avatar
1.000222503229041,Single Epithelial Cell Size,Avatar
2.0681663418130403,Bare Nuclei,Avatar
1.4082519299248568,Bland Chromatin,Avatar
0.8882429463233862,Normal Nucleoli,Avatar
0.174355199523275,Mitoses,Avatar
1.086089243366618,Clump Thickness,Original
1.8760131534616868,Uniformity of Cell Size,Original
1.9150604611433648,Uniformity of Cell Shape,Original
0.9266276030553878,Marginal Adhesion,Original
0.8879815906354862,Single Epithelial Cell Size,Original
1.9813092016277354,Bare Nuclei,Original
1.4501820753394594,Bland Chromatin,Original
0.9046590848777749,Normal Nucleoli,Original
0.20119907836475875,Mitoses,Original
1.0571960049734404,Clump Thickness,Avatar
2.072847447910275,Uniformity of Cell Size,Avatar
2.1873086856599437,Uniformity of Cell Shape,Avatar
0.7420155581662558,Marginal Adhesion,Avatar
0.9799435332974423,Single Epithelial Cell Size,Avatar
2.0599412084694197,Bare Nuclei,Avatar
1.514088943902626,Bland Chromatin,Avatar
1.0732694686698954,Normal Nucleoli,Avatar
0.16565809047239086,Mitoses,Avatar
1.2757929060012614,Clump Thickness,Original
1.7924706823738308,Uniformity of Cell Size,Original
1.9280889996745012,Uniformity of Cell Shape,Original
0.7785707901907097,Marginal Adhesion,Original
0.8118543563876424,Single Epithelial Cell Size,Original
2.055116623726236,Bare Nuclei,Original
1.2155776826124156,Bland Chromatin,Original
0.9475736034428585,Normal Nucleoli,Original
0.20624418644702788,Mitoses,Original
0.9911307366144567,Clump Thickness,Avatar
1.9959471063159842,Uniformity of Cell Size,Avatar
2.232310706124325,Uniformity of Cell Shape,Avatar
0.7265702363180518,Marginal Adhesion,Avatar
0.9939889623731807,Single Epithelial Cell Size,Avatar
2.2868056087673,Bare Nuclei,Avatar
1.4177985535765267,Bland Chromatin,Avatar
0.9642714303871841,Normal Nucleoli,Avatar
0.15236932443408527,Mitoses,Avatar
1.0456964465551575,Clump Thickness,Original
1.7870390265180698,Uniformity of Cell Size,Original
1.8881914344009552,Uniformity of Cell Shape,Original
0.927388819789169,Marginal Adhesion,Original
0.8028550209862214,Single Epithelial Cell Size,Original
1.8876609795745534,Bare Nuclei,Original
1.2167366704754716,Bland Chromatin,Original
0.939860325223213,Normal Nucleoli,Original
0.18933387549021038,Mitoses,Original
1.154975859444445,Clump Thickness,Avatar
2.224934374672432,Uniformity of Cell Size,Avatar
2.390096752500153,Uniformity of Cell Shape,Avatar
0.769695513630456,Marginal Adhesion,Avatar
1.0476496346105841,Single Epithelial Cell Size,Avatar
1.907133593375778,Bare Nuclei,Avatar
1.4612201965559684,Bland Chromatin,Avatar
0.9831925452284459,Normal Nucleoli,Avatar
0.14909793854598846,Mitoses,Avatar
1.0471097110631016,Clump Thickness,Original
1.89785815067481,Uniformity of Cell Size,Original
2.0953953069301674,Uniformity of Cell Shape,Original
0.8731653907184466,Marginal Adhesion,Original
0.7509791567211271,Single Epithelial Cell Size,Original
2.399009298652564,Bare Nuclei,Original
1.1455361939611834,Bland Chromatin,Original
0.8569230540470387,Normal Nucleoli,Original
0.1929038679700024,Mitoses,Original
1.1333949525310187,Clump Thickness,Avatar
2.0927099900130615,Uniformity of Cell Size,Avatar
2.28106981682614,Uniformity of Cell Shape,Avatar
0.7649318556013961,Marginal Adhesion,Avatar
0.8828405580838316,Single Epithelial Cell Size,Avatar
2.505052775499269,Bare Nuclei,Avatar
1.4929344632678265,Bland Chromatin,Avatar
1.0173946502990125,Normal Nucleoli,Avatar
0.16782797363218918,Mitoses,Avatar
1.0132938966391192,Clump Thickness,Original
1.8056482367270512,Uniformity of Cell Size,Original
1.97018758251137,Uniformity of Cell Shape,Original
0.8076702775015275,Marginal Adhesion,Original
0.8168878918558441,Single Epithelial Cell Size,Original
1.9475311949192144,Bare Nuclei,Original
1.3207318892797086,Bland Chromatin,Original
1.043021696547954,Normal Nucleoli,Original
0.19254797303854057,Mitoses,Original
1.024315546607367,Clump Thickness,Avatar
2.1692743740149476,Uniformity of Cell Size,Avatar
2.17955692934994,Uniformity of Cell Shape,Avatar
0.8447737693249024,Marginal Adhesion,Avatar
1.054466016449722,Single Epithelial Cell Size,Avatar
2.0413673928689318,Bare Nuclei,Avatar
1.4560768571664202,Bland Chromatin,Avatar
0.9753017778061507,Normal Nucleoli,Avatar
0.13781892076061258,Mitoses,Avatar
1.2069963011414035,Clump Thickness,Original
1.6143451829658384,Uniformity of Cell Size,Original
1.773542614237682,Uniformity of Cell Shape,Original
0.8804736336991801,Marginal Adhesion,Original
0.7593122807206905,Single Epithelial Cell Size,Original
1.9777685764520412,Bare Nuclei,Original
1.3950006195812785,Bland Chromatin,Original
1.0189572089006445,Normal Nucleoli,Original
0.20162581528356519,Mitoses,Original
1.1529846808013153,Clump Thickness,Avatar
1.9399348213828003,Uniformity of Cell Size,Avatar
1.980778534704154,Uniformity of Cell Shape,Avatar
0.7779976296531115,Marginal Adhesion,Avatar
1.0529518444672608,Single Epithelial Cell Size,Avatar
1.9574456483152398,Bare Nuclei,Avatar
1.505305490985335,Bland Chromatin,Avatar
0.9631815807903317,Normal Nucleoli,Avatar
0.17123356305980889,Mitoses,Avatar
1.1676385105879143,Clump Thickness,Original
1.9329934836088656,Uniformity of Cell Size,Original
2.092890738632903,Uniformity of Cell Shape,Original
0.8538427141380792,Marginal Adhesion,Original
0.8474647017671327,Single Epithelial Cell Size,Original
1.930456475527399,Bare Nuclei,Original
1.3132434932754953,Bland Chromatin,Original
1.0045905151201362,Normal Nucleoli,Original
0.19179688997992178,Mitoses,Original
1.1515025939826304,Clump Thickness,Avatar
2.1063654755962786,Uniformity of Cell Size,Avatar
2.1765270005023476,Uniformity of Cell Shape,Avatar
0.7723471750831552,Marginal Adhesion,Avatar
1.0482107341379434,Single Epithelial Cell Size,Avatar
2.1200925435844877,Bare Nuclei,Avatar
1.523543031154797,Bland Chromatin,Avatar
0.9483306773700947,Normal Nucleoli,Avatar
0.1667523967071969,Mitoses,Avatar
1.069144891748165,Clump Thickness,Original
1.7671952109571822,Uniformity of Cell Size,Original
1.7670420758289207,Uniformity of Cell Shape,Original
0.8961333287718138,Marginal Adhesion,Original
0.797851853756919,Single Epithelial Cell Size,Original
1.622469179503465,Bare Nuclei,Original
1.2160125464229576,Bland Chromatin,Original
0.8146633038799781,Normal Nucleoli,Original
0.17338161606576852,Mitoses,Original
0.9809438332623466,Clump Thickness,Avatar
1.9928917714615793,Uniformity of Cell Size,Avatar
1.9920582704955445,Uniformity of Cell Shape,Avatar
0.7378848939087319,Marginal Adhesion,Avatar
1.0155138198767137,Single Epithelial Cell Size,Avatar
2.022669621833615,Bare Nuclei,Avatar
1.5007825696060555,Bland Chromatin,Avatar
0.9220644514139302,Normal Nucleoli,Avatar
0.15342182575478486,Mitoses,Avatar
1.1474236527963457,Clump Thickness,Original
1.7623164722566058,Uniformity of Cell Size,Original
1.8145773491732138,Uniformity of Cell Shape,Original
0.946690903257968,Marginal Adhesion,Original
0.8211230106771256,Single Epithelial Cell Size,Original
2.2197425439895397,Bare Nuclei,Original
1.336087463905341,Bland Chromatin,Original
0.912841608822347,Normal Nucleoli,Original
0.19678875194697523,Mitoses,Original
1.1024560213823844,Clump Thickness,Avatar
2.1171058618384078,Uniformity of Cell Size,Avatar
2.164224692271354,Uniformity of Cell Shape,Avatar
0.8315367954390549,Marginal Adhesion,Avatar
1.0970907694556102,Single Epithelial Cell Size,Avatar
2.272497085349472,Bare Nuclei,Avatar
1.4732063525337902,Bland Chromatin,Avatar
1.0884294558968695,Normal Nucleoli,Avatar
0.17784123187133963,Mitoses,Avatar
1.1356838650654582,Clump Thickness,Original
1.9517443285463225,Uniformity of Cell Size,Original
2.010088603157211,Uniformity of Cell Shape,Original
0.9073822380297231,Marginal Adhesion,Original
0.9116785011177115,Single Epithelial Cell Size,Original
1.8319055529557473,Bare Nuclei,Original
1.4130856240878056,Bland Chromatin,Original
0.8895653470371739,Normal Nucleoli,Original
0.18647331523659977,Mitoses,Original
1.1124308128993319,Clump Thickness,Avatar
2.2578303788998317,Uniformity of Cell Size,Avatar
2.0666502588893914,Uniformity of Cell Shape,Avatar
0.8385356490700082,Marginal Adhesion,Avatar
1.0674818229561143,Single Epithelial Cell Size,Avatar
1.8555179153955192,Bare Nuclei,Avatar
1.6291900536513038,Bland Chromatin,Avatar
1.0417650274656562,Normal Nucleoli,Avatar
0.1717871997072796,Mitoses,Avatar
1.0476757754317931,Clump Thickness,Original
2.0441007397586106,Uniformity of Cell Size,Original
1.9586792983153516,Uniformity of Cell Shape,Original
0.8012117744102658,Marginal Adhesion,Original
0.7523250477072566,Single Epithelial Cell Size,Original
2.0156971381373197,Bare Nuclei,Original
1.1826363385305372,Bland Chromatin,Original
0.8306635883402282,Normal Nucleoli,Original
0.1691382430129228,Mitoses,Original
1.116456132099572,Clump Thickness,Avatar
2.233214614568316,Uniformity of Cell Size,Avatar
2.232686562403294,Uniformity of Cell Shape,Avatar
0.7947763215307521,Marginal Adhesion,Avatar
1.0484882928337633,Single Epithelial Cell Size,Avatar
2.0862163069004125,Bare Nuclei,Avatar
1.3559030365587676,Bland Chromatin,Avatar
0.9531461287941749,Normal Nucleoli,Avatar
0.15364716191806901,Mitoses,Avatar
1.108217540944013,Clump Thickness,Original
1.83731842016586,Uniformity of Cell Size,Original
1.9284675855526743,Uniformity of Cell Shape,Original
0.9303732439600682,Marginal Adhesion,Original
0.777633313974315,Single Epithelial Cell Size,Original
1.8338029564616323,Bare Nuclei,Original
1.2734372159419234,Bland Chromatin,Original
0.8251110588399034,Normal Nucleoli,Original
0.18060169223454262,Mitoses,Original
1.081668542870288,Clump Thickness,Avatar
2.192549747812178,Uniformity of Cell Size,Avatar
2.0136477918771125,Uniformity of Cell Shape,Avatar
0.7476166450854408,Marginal Adhesion,Avatar
1.0482460644402682,Single Epithelial Cell Size,Avatar
2.321617397980327,Bare Nuclei,Avatar
1.5515133158876544,Bland Chromatin,Avatar
0.9452094453710672,Normal Nucleoli,Avatar
0.13052180873636712,Mitoses,Avatar
1.0591182361037006,Clump Thickness,Original
1.973366986389046,Uniformity of Cell Size,Original
2.042432600602622,Uniformity of Cell Shape,Original
0.8059909961462173,Marginal Adhesion,Original
0.7835652571266468,Single Epithelial Cell Size,Original
1.8753256127466997,Bare Nuclei,Original
1.3086367139381845,Bland Chromatin,Original
0.9550592895728554,Normal Nucleoli,Original
0.21564752557378167,Mitoses,Original
1.2053359325095254,Clump Thickness,Avatar
2.1119871166857185,Uniformity of Cell Size,Avatar
2.166288475442157,Uniformity of Cell Shape,Avatar
0.7829255023330165,Marginal Adhesion,Avatar
1.0499217045340523,Single Epithelial Cell Size,Avatar
2.101642568594377,Bare Nuclei,Avatar
1.5017829883986114,Bland Chromatin,Avatar
0.9339860594989968,Normal Nucleoli,Avatar
0.15814812592995792,Mitoses,Avatar
1.0453978618067028,Clump Thickness,Original
1.9572473141706819,Uniformity of Cell Size,Original
1.9886210751485722,Uniformity of Cell Shape,Original
0.8553184492126641,Marginal Adhesion,Original
0.8461965555915777,Single Epithelial Cell Size,Original
1.7866715684784038,Bare Nuclei,Original
1.2910233599612164,Bland Chromatin,Original
0.9698563405914237,Normal Nucleoli,Original
0.17136393904207126,Mitoses,Original
1.0398111143060682,Clump Thickness,Avatar
2.2718283627839964,Uniformity of Cell Size,Avatar
2.103982589652566,Uniformity of Cell Shape,Avatar
0.776762201494385,Marginal Adhesion,Avatar
0.9821415047101312,Single Epithelial Cell Size,Avatar
2.096028240678259,Bare Nuclei,Avatar
1.5432395352630244,Bland Chromatin,Avatar
1.0636946881166471,Normal Nucleoli,Avatar
0.14571843926849753,Mitoses,Avatar
1.0993199586201736,Clump Thickness,Original
1.7515261088089271,Uniformity of Cell Size,Original
1.8565785486026942,Uniformity of Cell Shape,Original
0.8842396312355549,Marginal Adhesion,Original
0.8075345183508157,Single Epithelial Cell Size,Original
1.8437681087439264,Bare Nuclei,Original
1.3520841487934914,Bland Chromatin,Original
0.9292620403713472,Normal Nucleoli,Original
0.17525207641153032,Mitoses,Original
1.089842830186843,Clump Thickness,Avatar
2.091120043984921,Uniformity of Cell Size,Avatar
2.291929185351014,Uniformity of Cell Shape,Avatar
0.763973425307795,Marginal Adhesion,Avatar
1.0586312370196327,Single Epithelial Cell Size,Avatar
1.8682368340203097,Bare Nuclei,Avatar
1.5481067614807187,Bland Chromatin,Avatar
1.0429454355173309,Normal Nucleoli,Avatar
0.1789680335682125,Mitoses,Avatar
1.216707171729732,Clump Thickness,Original
1.8224521837711745,Uniformity of Cell Size,Original
2.0091624451543306,Uniformity of Cell Shape,Original
0.8515009409766622,Marginal Adhesion,Original
0.7187462494899562,Single Epithelial Cell Size,Original
1.7771691523233062,Bare Nuclei,Original
1.1967042258694363,Bland Chromatin,Original
1.0888958274995812,Normal Nucleoli,Original
0.19345672947856793,Mitoses,Original
1.0441295180348098,Clump Thickness,Avatar
1.9529224801758645,Uniformity of Cell Size,Avatar
2.0468780059615828,Uniformity of Cell Shape,Avatar
0.7371717354793461,Marginal Adhesion,Avatar
0.9895341847723602,Single Epithelial Cell Size,Avatar
2.0941650378316146,Bare Nuclei,Avatar
1.5322274065898356,Bland Chromatin,Avatar
1.0012943348259797,Normal Nucleoli,Avatar
0.15028199451496388,Mitoses,Avatar
1.238101710909482,Clump Thickness,Original
1.7833607514942316,Uniformity of Cell Size,Original
1.8585074778640132,Uniformity of Cell Shape,Original
0.8165276668127979,Marginal Adhesion,Original
0.8138269380274469,Single Epithelial Cell Size,Original
2.037361204481071,Bare Nuclei,Original
1.4784329378716485,Bland Chromatin,Original
0.9474016469347444,Normal Nucleoli,Original
0.23395145031311365,Mitoses,Original
1.0122246202842282,Clump Thickness,Avatar
2.075344913302489,Uniformity of Cell Size,Avatar
2.093040245406008,Uniformity of Cell Shape,Avatar
0.8485029388156969,Marginal Adhesion,Avatar
0.9649729611462928,Single Epithelial Cell Size,Avatar
2.123873344012811,Bare Nuclei,Avatar
1.5272063067010375,Bland Chromatin,Avatar
1.0304112370486214,Normal Nucleoli,Avatar
0.17088743419636715,Mitoses,Avatar
1.0760579992519161,Clump Thickness,Original
1.7359010570537867,Uniformity of Cell Size,Original
1.768141676883015,Uniformity of Cell Shape,Original
0.9439060451850847,Marginal Adhesion,Original
0.7617908432901047,Single Epithelial Cell Size,Original
2.0056240950349546,Bare Nuclei,Original
1.0999651905246077,Bland Chromatin,Original
0.8840597594959422,Normal Nucleoli,Original
0.19843702354171255,Mitoses,Original
1.0694686424818698,Clump Thickness,Avatar
2.040570709439143,Uniformity of Cell Size,Avatar
2.1094913181440114,Uniformity of Cell Shape,Avatar
0.8078237416828562,Marginal Adhesion,Avatar
0.9407233304017403,Single Epithelial Cell Size,Avatar
2.2014214092344475,Bare Nuclei,Avatar
1.408859508699083,Bland Chromatin,Avatar
0.8686465032321047,Normal Nucleoli,Avatar
0.15364342486010296,Mitoses,Avatar
1.1329795469232864,Clump Thickness,Original
1.773777582706435,Uniformity of Cell Size,Original
1.9113299778556767,Uniformity of Cell Shape,Original
0.9027968799637255,Marginal Adhesion,Original
0.7451216736986379,Single Epithelial Cell Size,Original
2.248386842556591,Bare Nuclei,Original
1.2649952046964514,Bland Chromatin,Original
0.9233290712173251,Normal Nucleoli,Original
0.19149219526285718,Mitoses,Original
1.1123413776644189,Clump Thickness,Avatar
2.0957385234048878,Uniformity of Cell Size,Avatar
2.171184334390567,Uniformity of Cell Shape,Avatar
0.8324064368062936,Marginal Adhesion,Avatar
1.0017715744014393,Single Epithelial Cell Size,Avatar
2.1810377440224378,Bare Nuclei,Avatar
1.5939955867844273,Bland Chromatin,Avatar
0.9220168659902002,Normal Nucleoli,Avatar
0.16189589963518541,Mitoses,Avatar
1.1794806092307322,Clump Thickness,Original
1.7633109105457416,Uniformity of Cell Size,Original
1.8440224211025456,Uniformity of Cell Shape,Original
0.8311925647252655,Marginal Adhesion,Original
0.8293716472505467,Single Epithelial Cell Size,Original
1.988617920448515,Bare Nuclei,Original
1.3401194950118298,Bland Chromatin,Original
0.9453496467539256,Normal Nucleoli,Original
0.17117556116057636,Mitoses,Original
1.1355625113916583,Clump Thickness,Avatar
2.163836464960729,Uniformity of Cell Size,Avatar
1.9420440701006152,Uniformity of Cell Shape,Avatar
0.7256564259085626,Marginal Adhesion,Avatar
0.9542912478861062,Single Epithelial Cell Size,Avatar
1.9075076908641666,Bare Nuclei,Avatar
1.454900382694959,Bland Chromatin,Avatar
1.0285955942942073,Normal Nucleoli,Avatar
0.18741242459851068,Mitoses,Avatar
1.1000693376003141,Clump Thickness,Original
1.7594493335058985,Uniformity of Cell Size,Original
1.8257267380983493,Uniformity of Cell Shape,Original
0.8712719493714186,Marginal Adhesion,Original
0.8761444280053249,Single Epithelial Cell Size,Original
1.78894464880418,Bare Nuclei,Original
1.2910000627626936,Bland Chromatin,Original
0.8351651816123284,Normal Nucleoli,Original
0.17032442638677578,Mitoses,Original
1.0452156707196256,Clump Thickness,Avatar
2.072957520029547,Uniformity of Cell Size,Avatar
2.148768478056933,Uniformity of Cell Shape,Avatar
0.7139135606359693,Marginal Adhesion,Avatar
1.1522307233802809,Single Epithelial Cell Size,Avatar
1.8910215170045155,Bare Nuclei,Avatar
1.54560776783846,Bland Chromatin,Avatar
0.9908810214856816,Normal Nucleoli,Avatar
0.14416272913410408,Mitoses,Avatar
1.1661815496802435,Clump Thickness,Original
1.873050062449952,Uniformity of Cell Size,Original
1.9952921892035773,Uniformity of Cell Shape,Original
0.8592933694294653,Marginal Adhesion,Original
0.7443067009883281,Single Epithelial Cell Size,Original
1.7067117059840975,Bare Nuclei,Original
1.4259049205170027,Bland Chromatin,Original
0.8607443457292495,Normal Nucleoli,Original
0.19071476674383386,Mitoses,Original
1.1590128840507576,Clump Thickness,Avatar
1.969523495239494,Uniformity of Cell Size,Avatar
1.8738142929495216,Uniformity of Cell Shape,Avatar
0.7337628388938329,Marginal Adhesion,Avatar
1.0354021292353073,Single Epithelial Cell Size,Avatar
2.282668598150356,Bare Nuclei,Avatar
1.5229607156414375,Bland Chromatin,Avatar
0.9908327653802281,Normal Nucleoli,Avatar
0.15731533308743964,Mitoses,Avatar
1.1291991031372113,Clump Thickness,Original
1.946929946064469,Uniformity of Cell Size,Original
1.9249107974512314,Uniformity of Cell Shape,Original
0.8787430532985746,Marginal Adhesion,Original
0.8265538703075921,Single Epithelial Cell Size,Original
1.952987339298592,Bare Nuclei,Original
1.444884159763632,Bland Chromatin,Original
0.9488284176103786,Normal Nucleoli,Original
0.20395987369483545,Mitoses,Original
1.0704612495741586,Clump Thickness,Avatar
2.074898403650659,Uniformity of Cell Size,Avatar
2.1905315673986316,Uniformity of Cell Shape,Avatar
0.7623747942514365,Marginal Adhesion,Avatar
1.0022609627663872,Single Epithelial Cell Size,Avatar
2.073075899395425,Bare Nuclei,Avatar
1.6176180474266069,Bland Chromatin,Avatar
0.9390628799922167,Normal Nucleoli,Avatar
0.17765906688835673,Mitoses,Avatar
1.2303376228021328,Clump Thickness,Original
1.861970546024108,Uniformity of Cell Size,Original
2.0509511915426066,Uniformity of Cell Shape,Original
0.8398917626362957,Marginal Adhesion,Original
0.8187174422554298,Single Epithelial Cell Size,Original
1.7642732750708987,Bare Nuclei,Original
1.3016939374587972,Bland Chromatin,Original
1.0249700605897787,Normal Nucleoli,Original
0.1971398951354836,Mitoses,Original
1.1432410268493831,Clump Thickness,Avatar
2.046829560661644,Uniformity of Cell Size,Avatar
2.2928546529859113,Uniformity of Cell Shape,Avatar
0.6957877826921013,Marginal Adhesion,Avatar
1.0817889675034706,Single Epithelial Cell Size,Avatar
2.0791412144155816,Bare Nuclei,Avatar
1.3796462479183271,Bland Chromatin,Avatar
0.9738402260776573,Normal Nucleoli,Avatar
0.15422857842307686,Mitoses,Avatar
1.0872145611112034,Clump Thickness,Original
1.846557551240776,Uniformity of Cell Size,Original
1.995947835142943,Uniformity of Cell Shape,Original
0.8897426110945922,Marginal Adhesion,Original
0.7660908813109885,Single Epithelial Cell Size,Original
2.19978687167856,Bare Nuclei,Original
1.5525707144718188,Bland Chromatin,Original
0.9954004039423056,Normal Nucleoli,Original
0.19404631412816903,Mitoses,Original
1.0204952620839942,Clump Thickness,Avatar
2.1811618469408103,Uniformity of Cell Size,Avatar
1.987817918637409,Uniformity of Cell Shape,Avatar
0.8412376303614358,Marginal Adhesion,Avatar
1.0295397488809481,Single Epithelial Cell Size,Avatar
2.253803305358489,Bare Nuclei,Avatar
1.5805031792354034,Bland Chromatin,Avatar
1.0134451797664314,Normal Nucleoli,Avatar
0.13314772351551024,Mitoses,Avatar
1.1371092919210695,Clump Thickness,Original
1.8831205509949323,Uniformity of Cell Size,Original
2.006981499485318,Uniformity of Cell Shape,Original
0.8777204208305924,Marginal Adhesion,Original
0.8754910928344342,Single Epithelial Cell Size,Original
1.624582394283317,Bare Nuclei,Original
1.3726391262428876,Bland Chromatin,Original
1.008363250301067,Normal Nucleoli,Original
0.21722121676085127,Mitoses,Original
1.074847852753394,Clump Thickness,Avatar
2.3213702997599874,Uniformity of Cell Size,Avatar
2.137615564053558,Uniformity of Cell Shape,Avatar
0.9432422502056412,Marginal Adhesion,Avatar
1.0716106341117149,Single Epithelial Cell Size,Avatar
2.554784617781957,Bare Nuclei,Avatar
1.5563659941004448,Bland Chromatin,Avatar
0.90683884494005,Normal Nucleoli,Avatar
0.16744686235009643,Mitoses,Avatar
1.0955005481704796,Clump Thickness,Original
1.7897896829300675,Uniformity of Cell Size,Original
1.8201563734141581,Uniformity of Cell Shape,Original
0.7746571121408288,Marginal Adhesion,Original
0.7630860897878243,Single Epithelial Cell Size,Original
1.9414888854709422,Bare Nuclei,Original
1.296441959901152,Bland Chromatin,Original
0.8557855903592039,Normal Nucleoli,Original
0.17188997080802476,Mitoses,Original
1.0461912607678372,Clump Thickness,Avatar
2.0912074243453684,Uniformity of Cell Size,Avatar
2.2327131533504554,Uniformity of Cell Shape,Avatar
0.7859830704960112,Marginal Adhesion,Avatar
1.078935439563514,Single Epithelial Cell Size,Avatar
2.2854708228888567,Bare Nuclei,Avatar
1.4818011286988537,Bland Chromatin,Avatar
0.8836736798865598,Normal Nucleoli,Avatar
0.16251036593325274,Mitoses,Avatar
1.1738228257621641,Clump Thickness,Original
1.8755443666478764,Uniformity of Cell Size,Original
1.8554796462542713,Uniformity of Cell Shape,Original
0.8515274210713317,Marginal Adhesion,Original
0.8656842878308091,Single Epithelial Cell Size,Original
2.1223390927133203,Bare Nuclei,Original
1.3397104569953073,Bland Chromatin,Original
0.8871115109012665,Normal Nucleoli,Original
0.18116119013690796,Mitoses,Original
1.0340530611184442,Clump Thickness,Avatar
2.3416319695665204,Uniformity of Cell Size,Avatar
2.2471418226529085,Uniformity of Cell Shape,Avatar
0.7999295733279267,Marginal Adhesion,Avatar
1.1068186457837428,Single Epithelial Cell Size,Avatar
2.1626984091084087,Bare Nuclei,Avatar
1.5483311919389136,Bland Chromatin,Avatar
1.0196055321690713,Normal Nucleoli,Avatar
0.17085575325240995,Mitoses,Avatar
0.983578609756764,Clump Thickness,Original
1.7127018512960692,Uniformity of Cell Size,Original
1.7721994413616757,Uniformity of Cell Shape,Original
0.8060489106189975,Marginal Adhesion,Original
0.7734864061347347,Single Epithelial Cell Size,Original
2.0066629300210725,Bare Nuclei,Original
1.3165337678305051,Bland Chromatin,Original
1.0004523602057507,Normal Nucleoli,Original
0.16668756837113444,Mitoses,Original
1.0477280205589714,Clump Thickness,Avatar
2.0119284820025465,Uniformity of Cell Size,Avatar
2.380821392798829,Uniformity of Cell Shape,Avatar
0.7452228203061078,Marginal Adhesion,Avatar
0.9568938595837272,Single Epithelial Cell Size,Avatar
2.324436178481693,Bare Nuclei,Avatar
1.6234950856637165,Bland Chromatin,Avatar
0.9394429999821478,Normal Nucleoli,Avatar
0.13859007230923334,Mitoses,Avatar
1.0866037500357648,Clump Thickness,Original
1.7374224701071561,Uniformity of Cell Size,Original
1.9211146057211843,Uniformity of Cell Shape,Original
0.9100121343902338,Marginal Adhesion,Original
0.7946757247393805,Single Epithelial Cell Size,Original
1.9576083836351201,Bare Nuclei,Original
1.3599777735307614,Bland Chromatin,Original
0.9033853469309548,Normal Nucleoli,Original
0.1927218849329648,Mitoses,Original
1.0612779120543305,Clump Thickness,Avatar
2.2116611178773433,Uniformity of Cell Size,Avatar
2.129097188359096,Uniformity of Cell Shape,Avatar
0.8360615068275571,Marginal Adhesion,Avatar
0.9978291235698871,Single Epithelial Cell Size,Avatar
2.0677252578961904,Bare Nuclei,Avatar
1.4679901120158305,Bland Chromatin,Avatar
1.0263222100553613,Normal Nucleoli,Avatar
0.17079407257162652,Mitoses,Avatar
1.0224505069993544,Clump Thickness,Original
1.7545708648828222,Uniformity of Cell Size,Original
1.7700731147236648,Uniformity of Cell Shape,Original
0.8996626894679243,Marginal Adhesion,Original
0.8388693378003199,Single Epithelial Cell Size,Original
1.9623624078958508,Bare Nuclei,Original
1.3433782807257473,Bland Chromatin,Original
1.004242500104706,Normal Nucleoli,Original
0.17440635259941215,Mitoses,Original
0.9963137999886653,Clump Thickness,Avatar
2.2232299282293218,Uniformity of Cell Size,Avatar
2.0875846648255525,Uniformity of Cell Shape,Avatar
0.804648649790588,Marginal Adhesion,Avatar
0.9632439412047433,Single Epithelial Cell Size,Avatar
2.030514491345439,Bare Nuclei,Avatar
1.4345308955939666,Bland Chromatin,Avatar
1.0062374420657143,Normal Nucleoli,Avatar
0.16900816106579652,Mitoses,Avatar
1.022773366148731,Clump Thickness,Original
1.9189209696326714,Uniformity of Cell Size,Original
1.9203386020223234,Uniformity of Cell Shape,Original
0.8976877898978073,Marginal Adhesion,Original
0.8046532902536195,Single Epithelial Cell Size,Original
2.08944333159777,Bare Nuclei,Original
1.3061447246180893,Bland Chromatin,Original
1.0417250438634227,Normal Nucleoli,Original
0.16661517565756317,Mitoses,Original
0.9897279108062499,Clump Thickness,Avatar
2.137399256002501,Uniformity of Cell Size,Avatar
2.199973961269584,Uniformity of Cell Shape,Avatar
0.8004672728644163,Marginal Adhesion,Avatar
0.9707511159147403,Single Epithelial Cell Size,Avatar
2.342693581806956,Bare Nuclei,Avatar
1.3687051480568597,Bland Chromatin,Avatar
0.9647432508076319,Normal Nucleoli,Avatar
0.14771438527678862,Mitoses,Avatar
1.270836593804676,Clump Thickness,Original
1.9325757271003245,Uniformity of Cell Size,Original
2.0802687009398166,Uniformity of Cell Shape,Original
0.8782815687455491,Marginal Adhesion,Original
0.8553005453038193,Single Epithelial Cell Size,Original
1.8920154451096018,Bare Nuclei,Original
1.4221800822853001,Bland Chromatin,Original
0.9617856564536301,Normal Nucleoli,Original
0.18963139155054953,Mitoses,Original
1.050049154134255,Clump Thickness,Avatar
2.179662631198257,Uniformity of Cell Size,Avatar
2.1908323954130666,Uniformity of Cell Shape,Avatar
0.868390884264895,Marginal Adhesion,Avatar
1.0425992649989722,Single Epithelial Cell Size,Avatar
2.1614669804927753,Bare Nuclei,Avatar
1.5475234614861477,Bland Chromatin,Avatar
0.9637025036860547,Normal Nucleoli,Avatar
0.16301930474589085,Mitoses,Avatar
1.0814288101137202,Clump Thickness,Original
1.8497976592557854,Uniformity of Cell Size,Original
1.9324222165730898,Uniformity of Cell Shape,Original
0.8343103467926549,Marginal Adhesion,Original
0.829952423249758,Single Epithelial Cell Size,Original
1.9753088207226774,Bare Nuclei,Original
1.2532643351396633,Bland Chromatin,Original
0.9670593864262675,Normal Nucleoli,Original
0.17290352337917414,Mitoses,Original
1.0868547141245593,Clump Thickness,Avatar
2.2979722545814867,Uniformity of Cell Size,Avatar
2.1920012480593294,Uniformity of Cell Shape,Avatar
0.8562562760177104,Marginal Adhesion,Avatar
1.1025727825677671,Single Epithelial Cell Size,Avatar
2.2009074701275715,Bare Nuclei,Avatar
1.333127342830992,Bland Chromatin,Avatar
0.9368690163497537,Normal Nucleoli,Avatar
0.16307842110748527,Mitoses,Avatar
1.1401470719706233,Clump Thickness,Original
1.8834804013606763,Uniformity of Cell Size,Original
1.9754830410042272,Uniformity of Cell Shape,Original
0.9571882245854901,Marginal Adhesion,Original
0.8368761579211387,Single Epithelial Cell Size,Original
1.6880967833755978,Bare Nuclei,Original
1.4214560926577307,Bland Chromatin,Original
1.144701460845831,Normal Nucleoli,Original
0.21988863733894506,Mitoses,Original
1.2479607009680338,Clump Thickness,Avatar
2.258707547688506,Uniformity of Cell Size,Avatar
2.2151057166458075,Uniformity of Cell Shape,Avatar
0.8569553168311828,Marginal Adhesion,Avatar
1.0680524696134002,Single Epithelial Cell Size,Avatar
2.046219951092414,Bare Nuclei,Avatar
1.5678492227944407,Bland Chromatin,Avatar
1.1049184580102565,Normal Nucleoli,Avatar
0.1731225099548323,Mitoses,Avatar
1.0821117342593867,Clump Thickness,Original
1.8657995214018674,Uniformity of Cell Size,Original
1.9003628090011377,Uniformity of Cell Shape,Original
0.8705692258553338,Marginal Adhesion,Original
0.8130827439057432,Single Epithelial Cell Size,Original
1.8890235230922825,Bare Nuclei,Original
1.2278989213536193,Bland Chromatin,Original
1.1595928442022738,Normal Nucleoli,Original
0.17552742676733418,Mitoses,Original
1.1623947847426752,Clump Thickness,Avatar
2.119152983648428,Uniformity of Cell Size,Avatar
2.499123840078584,Uniformity of Cell Shape,Avatar
0.8249967090044874,Marginal Adhesion,Avatar
1.1291406533682533,Single Epithelial Cell Size,Avatar
1.9518185271205504,Bare Nuclei,Avatar
1.4214798032645146,Bland Chromatin,Avatar
0.9838033084970188,Normal Nucleoli,Avatar
0.16520581846522547,Mitoses,Avatar
1.0179400530205696,Clump Thickness,Original
1.8653910378795597,Uniformity of Cell Size,Original
1.8104310632254157,Uniformity of Cell Shape,Original
0.855765792370719,Marginal Adhesion,Original
0.8447888307201595,Single Epithelial Cell Size,Original
1.8497512996552636,Bare Nuclei,Original
1.3316826434339002,Bland Chromatin,Original
0.9112764301381557,Normal Nucleoli,Original
0.1700815346342157,Mitoses,Original
1.1219003550611268,Clump Thickness,Avatar
1.9448140500467381,Uniformity of Cell Size,Avatar
2.0986633229291773,Uniformity of Cell Shape,Avatar
0.6822329789213613,Marginal Adhesion,Avatar
0.9411219083994943,Single Epithelial Cell Size,Avatar
2.2058069497394905,Bare Nuclei,Avatar
1.415353671453604,Bland Chromatin,Avatar
1.0378165462906788,Normal Nucleoli,Avatar
0.15133928788440487,Mitoses,Avatar
1.109498514033416,Clump Thickness,Original
1.8858518543483704,Uniformity of Cell Size,Original
1.9047800360859093,Uniformity of Cell Shape,Original
0.9133241756772034,Marginal Adhesion,Original
0.9207383434735454,Single Epithelial Cell Size,Original
1.8247425695641972,Bare Nuclei,Original
1.3467849368581757,Bland Chromatin,Original
0.9577513854797135,Normal Nucleoli,Original
0.20098598427718853,Mitoses,Original
1.0384282358160302,Clump Thickness,Avatar
2.2225222836828626,Uniformity of Cell Size,Avatar
2.2413428282943455,Uniformity of Cell Shape,Avatar
0.854243085437148,Marginal Adhesion,Avatar
0.964659264040393,Single Epithelial Cell Size,Avatar
1.895857699156469,Bare Nuclei,Avatar
1.6920059070935136,Bland Chromatin,Avatar
1.1226255058274484,Normal Nucleoli,Avatar
0.16745848936075455,Mitoses,Avatar
1.0341355535819796,Clump Thickness,Original
2.1079749452987713,Uniformity of Cell Size,Original
2.2822191480579717,Uniformity of Cell Shape,Original
1.0066873395431886,Marginal Adhesion,Original
0.9290371353472553,Single Epithelial Cell Size,Original
2.073796235403571,Bare Nuclei,Original
1.5032450410642013,Bland Chromatin,Original
1.0230165785881793,Normal Nucleoli,Original
0.17791058137854573,Mitoses,Original
1.2805948903489763,Clump Thickness,Avatar
2.317445992494046,Uniformity of Cell Size,Avatar
2.495510081585324,Uniformity of Cell Shape,Avatar
0.8534740456480298,Marginal Adhesion,Avatar
1.0806320719414475,Single Epithelial Cell Size,Avatar
2.057240323343186,Bare Nuclei,Avatar
1.59221166474811,Bland Chromatin,Avatar
1.0177074245498237,Normal Nucleoli,Avatar
0.17651653711561055,Mitoses,Avatar
1.1663488368256898,Clump Thickness,Original
2.0191378614942197,Uniformity of Cell Size,Original
1.9331339330584545,Uniformity of Cell Shape,Original
0.9506255370434092,Marginal Adhesion,Original
0.8772269037193653,Single Epithelial Cell Size,Original
1.9633099086153305,Bare Nuclei,Original
1.2321995606697194,Bland Chromatin,Original
0.9154521162151944,Normal Nucleoli,Original
0.18858072446725752,Mitoses,Original
1.2717526937411572,Clump Thickness,Avatar
2.09773822575337,Uniformity of Cell Size,Avatar
2.213452943111941,Uniformity of Cell Shape,Avatar
0.8249428011896897,Marginal Adhesion,Avatar
0.9322986747469445,Single Epithelial Cell Size,Avatar
2.233017742810033,Bare Nuclei,Avatar
1.4529328870723717,Bland Chromatin,Avatar
0.9601996461262663,Normal Nucleoli,Avatar
0.15724322320371342,Mitoses,Avatar
0.9628155053882973,Clump Thickness,Original
1.8473266115099822,Uniformity of Cell Size,Original
1.9751993681291786,Uniformity of Cell Shape,Original
0.8692773026327933,Marginal Adhesion,Original
0.8525938452008005,Single Epithelial Cell Size,Original
1.7156710749380502,Bare Nuclei,Original
1.2540534230354377,Bland Chromatin,Original
0.9652551718557452,Normal Nucleoli,Original
0.14646985811447688,Mitoses,Original
1.0429095694986446,Clump Thickness,Avatar
2.1667337901261967,Uniformity of Cell Size,Avatar
2.483261400508365,Uniformity of Cell Shape,Avatar
0.6821773243535876,Marginal Adhesion,Avatar
1.0013839786973284,Single Epithelial Cell Size,Avatar
1.946164176684401,Bare Nuclei,Avatar
1.5318217217800807,Bland Chromatin,Avatar
0.8942933774636396,Normal Nucleoli,Avatar
0.1617759577538541,Mitoses,Avatar
1.1852019279335,Clump Thickness,Original
1.9471722714224824,Uniformity of Cell Size,Original
2.020888325679598,Uniformity of Cell Shape,Original
0.8440916127478532,Marginal Adhesion,Original
0.867880348972649,Single Epithelial Cell Size,Original
1.9915268216385815,Bare Nuclei,Original
1.2687340542077346,Bland Chromatin,Original
0.9783378601311743,Normal Nucleoli,Original
0.19185052348500448,Mitoses,Original
1.0927471453187099,Clump Thickness,Avatar
2.2222928878208106,Uniformity of Cell Size,Avatar
2.163994504206398,Uniformity of Cell Shape,Avatar
0.8262572570722256,Marginal Adhesion,Avatar
1.0082175329270537,Single Epithelial Cell Size,Avatar
1.8198868698319366,Bare Nuclei,Avatar
1.483421702696544,Bland Chromatin,Avatar
1.1536521656788554,Normal Nucleoli,Avatar
0.14551609258735268,Mitoses,Avatar
1.0834517409130706,Clump Thickness,Original
1.70065876576993,Uniformity of Cell Size,Original
1.8782908214330039,Uniformity of Cell Shape,Original
0.877627521331876,Marginal Adhesion,Original
0.8871345637763206,Single Epithelial Cell Size,Original
1.8021557374027715,Bare Nuclei,Original
1.202796500577567,Bland Chromatin,Original
1.029306567890219,Normal Nucleoli,Original
0.17456237450509515,Mitoses,Original
1.079447900717729,Clump Thickness,Avatar
2.0861686696149535,Uniformity of Cell Size,Avatar
1.998916684607105,Uniformity of Cell Shape,Avatar
0.7371553752140307,Marginal Adhesion,Avatar
0.9739943544543915,Single Epithelial Cell Size,Avatar
1.9519830485280898,Bare Nuclei,Avatar
1.6378095416080092,Bland Chromatin,Avatar
1.0081375377126194,Normal Nucleoli,Avatar
0.1575458370113051,Mitoses,Avatar
1.1874832579548644,Clump Thickness,Original
1.9314644088224764,Uniformity of Cell Size,Original
1.908828491909683,Uniformity of Cell Shape,Original
0.9651963711627599,Marginal Adhesion,Original
0.7973274960517008,Single Epithelial Cell Size,Original
2.0538630150398745,Bare Nuclei,Original
1.281900662768025,Bland Chromatin,Original
0.8757202972607477,Normal Nucleoli,Original
0.20384858948441878,Mitoses,Original
0.9141754285120931,Clump Thickness,Avatar
2.1051287218819197,Uniformity of Cell Size,Avatar
2.2045877081108887,Uniformity of Cell Shape,Avatar
0.7649279954934549,Marginal Adhesion,Avatar
1.0809877907261993,Single Epithelial Cell Size,Avatar
1.8537156445318874,Bare Nuclei,Avatar
1.4982637816826574,Bland Chromatin,Avatar
1.064325031697486,Normal Nucleoli,Avatar
0.15590857668527205,Mitoses,Avatar
1.1136817743630947,Clump Thickness,Original
2.0028608709093785,Uniformity of Cell Size,Original
1.981187969311741,Uniformity of Cell Shape,Original
0.8133584265305737,Marginal Adhesion,Original
0.8169208427113603,Single Epithelial Cell Size,Original
1.7853644177846668,Bare Nuclei,Original
1.2424178503048606,Bland Chromatin,Original
1.0062968643332775,Normal Nucleoli,Original
0.20946492342714373,Mitoses,Original
1.101079311789152,Clump Thickness,Avatar
2.2576603946034335,Uniformity of Cell Size,Avatar
2.3227438593058953,Uniformity of Cell Shape,Avatar
0.9113586954547025,Marginal Adhesion,Avatar
1.122942264421877,Single Epithelial Cell Size,Avatar
1.91188445673785,Bare Nuclei,Avatar
1.5500170540872429,Bland Chromatin,Avatar
1.1644965784575687,Normal Nucleoli,Avatar
0.14689833170258224,Mitoses,Avatar
1.0257054805928643,Clump Thickness,Original
1.746070404654973,Uniformity of Cell Size,Original
1.7842571776691516,Uniformity of Cell Shape,Original
0.8799851191030235,Marginal Adhesion,Original
0.7978292320260465,Single Epithelial Cell Size,Original
2.106264751127736,Bare Nuclei,Original
1.247924069643679,Bland Chromatin,Original
0.8690515142357964,Normal Nucleoli,Original
0.18524117050759667,Mitoses,Original
0.9298158155051323,Clump Thickness,Avatar
2.1091355941917014,Uniformity of Cell Size,Avatar
2.159664149751589,Uniformity of Cell Shape,Avatar
0.8021023672246443,Marginal Adhesion,Avatar
1.0234570049727105,Single Epithelial Cell Size,Avatar
2.146919712317745,Bare Nuclei,Avatar
1.4671290629062574,Bland Chromatin,Avatar
0.9501847314158774,Normal Nucleoli,Avatar
0.17239069452888744,Mitoses,Avatar
1.1559285088920377,Clump Thickness,Original
2.0338234675776174,Uniformity of Cell Size,Original
2.0180861403260097,Uniformity of Cell Shape,Original
1.0077749634497657,Marginal Adhesion,Original
0.8021094774178908,Single Epithelial Cell Size,Original
1.8499558599578898,Bare Nuclei,Original
1.3858418623687438,Bland Chromatin,Original
0.8816624567904002,Normal Nucleoli,Original
0.1671425630280056,Mitoses,Original
1.0436510439825646,Clump Thickness,Avatar
2.4563219656944097,Uniformity of Cell Size,Avatar
1.9307170797301856,Uniformity of Cell Shape,Avatar
0.8511177289982973,Marginal Adhesion,Avatar
1.002484236067629,Single Epithelial Cell Size,Avatar
2.0926255193340286,Bare Nuclei,Avatar
1.5461850275381748,Bland Chromatin,Avatar
1.062760891018276,Normal Nucleoli,Avatar
0.15752234828719375,Mitoses,Avatar
1.37185908270725,Clump Thickness,Original
1.9365384361296332,Uniformity of Cell Size,Original
1.8853910216518768,Uniformity of Cell Shape,Original
0.927258152583658,Marginal Adhesion,Original
0.9249570518032539,Single Epithelial Cell Size,Original
2.17554007800697,Bare Nuclei,Original
1.4545149097959489,Bland Chromatin,Original
1.0521507786445086,Normal Nucleoli,Original
0.20234684832595676,Mitoses,Original
1.1706607750658646,Clump Thickness,Avatar
2.143470421367332,Uniformity of Cell Size,Avatar
2.3829954870910135,Uniformity of Cell Shape,Avatar
0.9606651424572011,Marginal Adhesion,Avatar
1.0326089353132655,Single Epithelial Cell Size,Avatar
2.1055941659506634,Bare Nuclei,Avatar
1.5615115396274901,Bland Chromatin,Avatar
1.0405233544593695,Normal Nucleoli,Avatar
0.17876664848342375,Mitoses,Avatar
1.0416759045887565,Clump Thickness,Original
1.740925268951707,Uniformity of Cell Size,Original
1.7438341508473667,Uniformity of Cell Shape,Original
0.8709402107328846,Marginal Adhesion,Original
0.8101484700997564,Single Epithelial Cell Size,Original
2.14906106210927,Bare Nuclei,Original
1.3907486066370822,Bland Chromatin,Original
0.8929991994314563,Normal Nucleoli,Original
0.20237279685589485,Mitoses,Original
1.1403963457117157,Clump Thickness,Avatar
1.9938782693421493,Uniformity of Cell Size,Avatar
2.1433234139109234,Uniformity of Cell Shape,Avatar
0.8911401466347942,Marginal Adhesion,Avatar
1.020655343424558,Single Epithelial Cell Size,Avatar
1.9900353483543678,Bare Nuclei,Avatar
1.4994520832302967,Bland Chromatin,Avatar
0.9132928925795463,Normal Nucleoli,Avatar
0.1588107000289747,Mitoses,Avatar
1.2987200119237072,Clump Thickness,Original
1.84526932844578,Uniformity of Cell Size,Original
1.8613672232778657,Uniformity of Cell Shape,Original
0.8586972889615236,Marginal Adhesion,Original
0.8862351481280296,Single Epithelial Cell Size,Original
2.010195571458998,Bare Nuclei,Original
1.3080682214982053,Bland Chromatin,Original
1.0763211402635915,Normal Nucleoli,Original
0.2385814379601466,Mitoses,Original
1.2518713110152158,Clump Thickness,Avatar
2.3752277164521125,Uniformity of Cell Size,Avatar
2.312779308507564,Uniformity of Cell Shape,Avatar
0.8060884270179342,Marginal Adhesion,Avatar
1.0632025152055573,Single Epithelial Cell Size,Avatar
2.697396506540909,Bare Nuclei,Avatar
1.515676016114556,Bland Chromatin,Avatar
1.0650675635498237,Normal Nucleoli,Avatar
0.1784682225186115,Mitoses,Avatar
1.203966344500557,Clump Thickness,Original
1.8240646962219962,Uniformity of Cell Size,Original
1.901072527070836,Uniformity of Cell Shape,Original
0.864316341359361,Marginal Adhesion,Original
0.9035493760738402,Single Epithelial Cell Size,Original
1.9159524706859403,Bare Nuclei,Original
1.3216360045658462,Bland Chromatin,Original
0.9364644577350031,Normal Nucleoli,Original
0.1829996509211051,Mitoses,Original
1.1061772871486775,Clump Thickness,Avatar
2.235212091509677,Uniformity of Cell Size,Avatar
2.123860176773331,Uniformity of Cell Shape,Avatar
0.8145724094572399,Marginal Adhesion,Avatar
0.9433578109805495,Single Epithelial Cell Size,Avatar
2.071737863849632,Bare Nuclei,Avatar
1.4750028990936792,Bland Chromatin,Avatar
0.8931368953410915,Normal Nucleoli,Avatar
0.16121529978118881,Mitoses,Avatar
1.0721547220698318,Clump Thickness,Original
1.8160656306508143,Uniformity of Cell Size,Original
1.8466639918052072,Uniformity of Cell Shape,Original
0.8271121562528765,Marginal Adhesion,Original
0.7129556164447711,Single Epithelial Cell Size,Original
1.8731105131803731,Bare Nuclei,Original
1.3405679301916305,Bland Chromatin,Original
1.0388147402758097,Normal Nucleoli,Original
0.1921163708049263,Mitoses,Original
1.0242018815124352,Clump Thickness,Avatar
2.213183928789064,Uniformity of Cell Size,Avatar
2.377952078867233,Uniformity of Cell Shape,Avatar
0.8466148857322435,Marginal Adhesion,Avatar
0.9518223332551072,Single Epithelial Cell Size,Avatar
2.173042088465788,Bare Nuclei,Avatar
1.6627547229625061,Bland Chromatin,Avatar
0.9128013370470186,Normal Nucleoli,Avatar
0.16444880692878566,Mitoses,Avatar
1.1730646984447555,Clump Thickness,Original
2.0280459594024234,Uniformity of Cell Size,Original
2.0351282435998166,Uniformity of Cell Shape,Original
1.0708103644523228,Marginal Adhesion,Original
0.8404617069543148,Single Epithelial Cell Size,Original
1.8888856184751062,Bare Nuclei,Original
1.4208029965581512,Bland Chromatin,Original
1.0009352571154568,Normal Nucleoli,Original
0.16855874490935513,Mitoses,Original
1.098576036038984,Clump Thickness,Avatar
2.1243116485621467,Uniformity of Cell Size,Avatar
2.2902658342921924,Uniformity of Cell Shape,Avatar
0.9096683069913346,Marginal Adhesion,Avatar
1.0175107692025884,Single Epithelial Cell Size,Avatar
1.909112603218028,Bare Nuclei,Avatar
1.4074810672898586,Bland Chromatin,Avatar
1.1129010370170394,Normal Nucleoli,Avatar
0.18839589544478078,Mitoses,Avatar
1.0554264564734974,Clump Thickness,Original
1.7093109480812583,Uniformity of Cell Size,Original
1.764737067612695,Uniformity of Cell Shape,Original
0.8485786167928395,Marginal Adhesion,Original
0.8490162298754428,Single Epithelial Cell Size,Original
1.891811761429506,Bare Nuclei,Original
1.2855276471350756,Bland Chromatin,Original
0.9241314976555302,Normal Nucleoli,Original
0.1423658190155022,Mitoses,Original
1.3053045881648058,Clump Thickness,Avatar
1.9233926315430645,Uniformity of Cell Size,Avatar
2.1002445938785215,Uniformity of Cell Shape,Avatar
0.7261974830989877,Marginal Adhesion,Avatar
0.9579411575314242,Single Epithelial Cell Size,Avatar
1.8535990625798489,Bare Nuclei,Avatar
1.3300034587996772,Bland Chromatin,Avatar
0.9050298720988963,Normal Nucleoli,Avatar
0.15867095148525429,Mitoses,Avatar
1.0245345165707374,Clump Thickness,Original
1.934293108489099,Uniformity of Cell Size,Original
1.758637729203042,Uniformity of Cell Shape,Original
0.952164796492745,Marginal Adhesion,Original
0.795678441822642,Single Epithelial Cell Size,Original
1.7774911721669966,Bare Nuclei,Original
1.35883587961614,Bland Chromatin,Original
0.9721019395933631,Normal Nucleoli,Original
0.1858500223064813,Mitoses,Original
1.0643343940794314,Clump Thickness,Avatar
2.1806722718066314,Uniformity of Cell Size,Avatar
2.1711377798658478,Uniformity of Cell Shape,Avatar
0.7688912407649637,Marginal Adhesion,Avatar
1.0160737736285363,Single Epithelial Cell Size,Avatar
2.1332346915376728,Bare Nuclei,Avatar
1.6427152787578854,Bland Chromatin,Avatar
1.0667648945379042,Normal Nucleoli,Avatar
0.15281711860150157,Mitoses,Avatar
1.1666070302790765,Clump Thickness,Original
1.9671427767805596,Uniformity of Cell Size,Original
2.1804156508777712,Uniformity of Cell Shape,Original
0.8865188114758378,Marginal Adhesion,Original
0.8676531850053573,Single Epithelial Cell Size,Original
1.9216333817078617,Bare Nuclei,Original
1.2735623028104817,Bland Chromatin,Original
1.104729322050049,Normal Nucleoli,Original
0.19087080698366798,Mitoses,Original
1.2961809947346337,Clump Thickness,Avatar
2.1496355267937415,Uniformity of Cell Size,Avatar
2.173690689633669,Uniformity of Cell Shape,Avatar
0.9052090177840265,Marginal Adhesion,Avatar
1.007392823566006,Single Epithelial Cell Size,Avatar
2.186919850700163,Bare Nuclei,Avatar
1.4419935788377574,Bland Chromatin,Avatar
0.9250437234556156,Normal Nucleoli,Avatar
0.1671712903570623,Mitoses,Avatar
1.1686777744451076,Clump Thickness,Original
1.9431372846754031,Uniformity of Cell Size,Original
2.0315849723060797,Uniformity of Cell Shape,Original
1.0652200998190535,Marginal Adhesion,Original
0.7554321876486617,Single Epithelial Cell Size,Original
2.2278164088859667,Bare Nuclei,Original
1.5842246015614139,Bland Chromatin,Original
1.0141283223747368,Normal Nucleoli,Original
0.16554383342320525,Mitoses,Original
0.9895330600228456,Clump Thickness,Avatar
2.05498096440795,Uniformity of Cell Size,Avatar
2.2952295159940848,Uniformity of Cell Shape,Avatar
0.8202890466822558,Marginal Adhesion,Avatar
1.0163987498896503,Single Epithelial Cell Size,Avatar
2.2176095260620876,Bare Nuclei,Avatar
1.5300593891580998,Bland Chromatin,Avatar
0.9851227287596395,Normal Nucleoli,Avatar
0.17484551270260767,Mitoses,Avatar
0.9541161951892311,Clump Thickness,Original
1.8797484181001174,Uniformity of Cell Size,Original
1.8810026255659806,Uniformity of Cell Shape,Original
0.8719829071041928,Marginal Adhesion,Original
0.8805672772006343,Single Epithelial Cell Size,Original
2.02458642483947,Bare Nuclei,Original
1.288364570363829,Bland Chromatin,Original
0.8274255283112387,Normal Nucleoli,Original
0.16678821583339046,Mitoses,Original
1.0084151858414654,Clump Thickness,Avatar
2.1177000936894856,Uniformity of Cell Size,Avatar
2.2850205016515557,Uniformity of Cell Shape,Avatar
0.7562557422494227,Marginal Adhesion,Avatar
1.0949315567869677,Single Epithelial Cell Size,Avatar
2.0279398114977867,Bare Nuclei,Avatar
1.5254961229547475,Bland Chromatin,Avatar
1.1612008948674974,Normal Nucleoli,Avatar
0.14859605674023968,Mitoses,Avatar
1.0906900736031127,Clump Thickness,Original
1.8706031597579145,Uniformity of Cell Size,Original
1.8285417879564898,Uniformity of Cell Shape,Original
0.8113207712738808,Marginal Adhesion,Original
0.8498015968467131,Single Epithelial Cell Size,Original
1.9912193731559997,Bare Nuclei,Original
1.298778774815094,Bland Chromatin,Original
0.9355779721519772,Normal Nucleoli,Original
0.18855778021104758,Mitoses,Original
1.032588490405454,Clump Thickness,Avatar
2.071886609378822,Uniformity of Cell Size,Avatar
2.361029836001645,Uniformity of Cell Shape,Avatar
0.8636813108979972,Marginal Adhesion,Avatar
0.964044945641382,Single Epithelial Cell Size,Avatar
2.1709987742227894,Bare Nuclei,Avatar
1.6517622941867809,Bland Chromatin,Avatar
0.8980971268640509,Normal Nucleoli,Avatar
0.1706282366886509,Mitoses,Avatar
1.012944585101256,Clump Thickness,Original
1.8365351041648383,Uniformity of Cell Size,Original
1.9544656370495188,Uniformity of Cell Shape,Original
0.9402472642500219,Marginal Adhesion,Original
0.8471304955319423,Single Epithelial Cell Size,Original
1.8657971156953683,Bare Nuclei,Original
1.4226239176457276,Bland Chromatin,Original
1.0241559560200852,Normal Nucleoli,Original
0.19023399661386833,Mitoses,Original
1.0742768206356987,Clump Thickness,Avatar
2.079728743055096,Uniformity of Cell Size,Avatar
2.1354977073415204,Uniformity of Cell Shape,Avatar
0.7295647748150386,Marginal Adhesion,Avatar
1.145758306462621,Single Epithelial Cell Size,Avatar
1.8820392659455714,Bare Nuclei,Avatar
1.5848001389030608,Bland Chromatin,Avatar
1.1302013244613778,Normal Nucleoli,Avatar
0.1726339615505922,Mitoses,Avatar
1.110858817406503,Clump Thickness,Original
1.7611139044930786,Uniformity of Cell Size,Original
1.8272074421904894,Uniformity of Cell Shape,Original
0.8859237583393722,Marginal Adhesion,Original
0.7867816351577934,Single Epithelial Cell Size,Original
1.8963056173809565,Bare Nuclei,Original
1.2697777025920516,Bland Chromatin,Original
0.9066830821403536,Normal Nucleoli,Original
0.1931039674182034,Mitoses,Original
1.2090913301311308,Clump Thickness,Avatar
2.3883921071545395,Uniformity of Cell Size,Avatar
2.1869301745798104,Uniformity of Cell Shape,Avatar
0.8125503450375072,Marginal Adhesion,Avatar
1.0596808769023727,Single Epithelial Cell Size,Avatar
2.245388994262613,Bare Nuclei,Avatar
1.541269464663675,Bland Chromatin,Avatar
0.9964272214528102,Normal Nucleoli,Avatar
0.15536117134769067,Mitoses,Avatar
